客户询问,模型预测标准问Top1,模型预测标准问Top5,top1_Preds,知识库标准问,Top1是否预测正确,Top5是否包含正确标准问
银行转证券作废是怎么回事,证券转银行为什么转不了？,"['证券转银行为什么转不了？', '外币证券转银行限额', 'B股实行T+0回转交易吗？', '信用账户资金无法转出的原因', '银证转账的时间？']",0.998900294,证券转银行为什么转不了？,1,1
请问 我为什么不可以交易ST股票了？,ST股票为何无法买入？,"['ST股票为何无法买入？', '上海ST、*ST股的交易规则？', '信用账户可以交易哪些股票？', '退市股票可以交易吗？', '深圳市场大宗交易的条件？']",0.117207572,ST股票为何无法买入？,1,1
新股上市首日的涨跌幅度是不是有限制啊,新股上市首日有涨跌幅限制吗？,"['新股上市首日有涨跌幅限制吗？', '网下打新申报价格有什么规定？', '上交所新股上市首日临时停牌期间接受委托吗？', '网下打新申报数量有什么规定？', '深交所新股上市首日临时停牌期间接受委托吗？']",0.99941349,新股上市首日有涨跌幅限制吗？,1,1
忘了我的客户号了,手机账号忘记了怎么办,"['手机账号忘记了怎么办', '同一个账号允许在不同的手机上同时登录吗？', '客户编号忘记了如何找回？', '手机账户密码忘记了怎么办', '信用账户对应银行的券商代码？']",0.984283209,手机账号忘记了怎么办,1,1
想问下如何更改登录密码和交易密码,如何修改交易密码,"['如何修改交易密码', '如何修改账户交易密码？', '忘记交易密码怎么办？', '如何修改账户资金密码？', '忘记资金密码怎么办？']",0.999645114,如何修改交易密码,1,1
登陆密码忘记了怎么办？,手机账户密码忘记了怎么办,"['手机账户密码忘记了怎么办', '忘记资金密码怎么办？', '如何修改账户资金密码？', '忘记交易密码怎么办？', '如何重置信用账户密码？']",0.999880791,手机账户密码忘记了怎么办,1,1
资金密码忘记了怎么办,忘记资金密码怎么办？,"['忘记资金密码怎么办？', '手机账户密码忘记了怎么办', '如何修改账户资金密码？', '忘记交易密码怎么办？', '如何修改交易密码']",0.999931693,忘记资金密码怎么办？,1,1
账号打不开,如何开户？,"['如何开户？', '同一个账号允许在不同的手机上同时登录吗？', '如何注销证券账户？', '如何查询证券账号？', '如何注销信用账户？']",0.975177109,如何开户？,1,1
请问我中签了一个新股，交了钱，为什么几天都不见上市的？,新股中签后股份何时上市？,"['新股中签后股份何时上市？', '新股中签如何缴款？', '新股中签扣款时对现金增利有什么影响？', '信用账户新股中签缴款占用了自有资金会影响维持担保比例吗？', '新股中签扣款时对金快线有什么影响？']",0.998238325,新股中签后股份何时上市？,1,1
怎么开通创业板?,创业板如何开通,"['创业板如何开通', '开通创业板权限对账户有什么要求？', '创业板权限首次开通？', '信用账户与普通账户的创业板权限需单独开立吗？', '创业板权限开通的办理时间']",0.991479337,创业板如何开通,1,1
怎么开通账户,如何开户？,"['如何开户？', '如何注销信用账户？', '信用账户开通条件', '如何注销证券账户？', '信用证券账户卡遗失应如何处理？']",0.978627503,如何开户？,1,1
更改交易密码,如何修改交易密码,"['如何修改交易密码', '如何修改账户交易密码？', '忘记交易密码怎么办？', '深圳证券交易所证券代码编制原则是什么？', '深市A股的增发代码是什么？']",0.999709904,如何修改交易密码,1,1
您好，我现在能开通创业板权限吗,创业板如何开通,"['创业板如何开通', '创业板权限开通的办理时间', '创业板权限首次开通？', '开通创业板权限对账户有什么要求？', '信用账户与普通账户的创业板权限需单独开立吗？']",0.973387778,创业板权限开通的办理时间,0,1
您好，这里开户佣金一般多少？,信用账户的担保品买卖佣金费率与普通账户一致吗？,"['信用账户的担保品买卖佣金费率与普通账户一致吗？', '多少资金能达到多少的佣金？', '网上开户佣金是多少？', '如何调整佣金费率？', '如何查询佣金费率？']",0.99959904,网上开户佣金是多少？,0,1
通过证卷转银行，显示失败,证券转银行为什么转不了？,"['证券转银行为什么转不了？', '外币证券转银行限额', '银证转账的时间？', '信用账户资金无法转出的原因', 'A股自助开户时转账失败，如何处理？']",0.997235119,证券转银行为什么转不了？,1,1
同步深港通股票为A+H股的，A股停牌与H股停牌是否可以？,A股和港股的显示颜色有什么区别？,"['A股和港股的显示颜色有什么区别？', '深港通股票为A+H股的，A股停牌与H股停牌是否同步？', '深港通标的股票范围？', '深港通股票交易如何操作？', '深港通和沪港通的交易日区别？']",0.999635339,深港通股票为A+H股的，A股停牌与H股停牌是否同步？,0,1
为什么转到银行不成功,证券转银行为什么转不了？,"['证券转银行为什么转不了？', '外币证券转银行限额', '当日卖出股票后可以转出资金吗？', '银证转账的时间？', '信用账户资金无法转出的原因']",0.997555196,证券转银行为什么转不了？,1,1
你好！为什么我的资金转不了,为何账户有资金无法转出？,"['为何账户有资金无法转出？', '信用账户资金无法转出的原因', '证券转银行为什么转不了？', '转账失败的原因？', '当日卖出股票后可以转出资金吗？']",0.994248033,为何账户有资金无法转出？,1,1
为什么证卷转银行不成功,证券转银行为什么转不了？,"['证券转银行为什么转不了？', '外币证券转银行限额', '银证转账的时间？', '信用账户资金无法转出的原因', '当日卖出股票后可以转出资金吗？']",0.99855274,证券转银行为什么转不了？,1,1
忘记资金账号密码怎么找回啊,如何修改账户资金密码？,"['如何修改账户资金密码？', '手机账户密码忘记了怎么办', '忘记资金密码怎么办？', '如何修改账户交易密码？', '忘记交易密码怎么办？']",0.999695897,忘记资金密码怎么办？,0,1
你好 过期身份证可以开户吗,身份证过期可以办理开户吗？,"['身份证过期可以办理开户吗？', '身份证过期如何办理？', '身份证到期影响账户交易吗？', '信用证券账户卡遗失应如何处理？', '信用账户可以网上开通吗？']",0.997870088,身份证过期可以办理开户吗？,1,1
如何查询佣金费率,如何查询佣金费率？,"['如何查询佣金费率？', '信用账户的担保品买卖佣金费率与普通账户一致吗？', '多少资金能达到多少的佣金？', '如何调整佣金费率？', '网上开户佣金是多少？']",0.999643445,如何查询佣金费率？,1,1
我转资金出来怎么被冻结了？,为何账户有资金无法转出？,"['为何账户有资金无法转出？', '信用账户资金无法转出的原因', '证券转银行为什么转不了？', '转账失败的原因？', 'A股自助开户时转账失败，如何处理？']",0.993515611,为何账户有资金无法转出？,1,1
创业版权限首次开通,创业板如何开通,"['创业板如何开通', '创业板权限首次开通？', '开通创业板权限对账户有什么要求？', '创业板权限开通的办理时间', '信用账户与普通账户的创业板权限需单独开立吗？']",0.899055719,创业板权限首次开通？,0,1
请问如何开通创业板？,创业板如何开通,"['创业板如何开通', '开通创业板权限对账户有什么要求？', '创业板权限首次开通？', '创业板权限开通的办理时间', '信用账户与普通账户的创业板权限需单独开立吗？']",0.995176315,创业板如何开通,1,1
资金密码忘了怎么办,忘记资金密码怎么办？,"['忘记资金密码怎么办？', '手机账户密码忘记了怎么办', '如何修改账户资金密码？', '忘记交易密码怎么办？', '如何修改交易密码']",0.999937892,忘记资金密码怎么办？,1,1
帮我找回客户编号,客户编号忘记了如何找回？,"['客户编号忘记了如何找回？', '同一个账号允许在不同的手机上同时登录吗？', 'B股实行T+0回转交易吗？', '信用账户可以参与逆回购吗？', '上交所逆回购的起点金额？']",0.997427881,客户编号忘记了如何找回？,1,1
银行卡怎么更换？,如何更换银行卡？,"['如何更换银行卡？', '如何绑定多张银行卡？', '如何更换同一银行的三方存管银行卡？', '信用证券账户卡遗失应如何处理？', '信用账户三方存管的银行有哪些？']",0.998612761,如何更换银行卡？,1,1
刚卖出的股票的钱   多久可以转出,当日卖出股票后可以转出资金吗？,"['当日卖出股票后可以转出资金吗？', '为何账户有资金无法转出？', '股票可以当天买入当天卖出吗？', 'ST股票为何无法买入？', '股票的交易时间？']",0.873982549,当日卖出股票后可以转出资金吗？,1,1
我还没来及办理外币银证转账业务，该如何存款那？,信用证券账户卡遗失应如何处理？,"['信用证券账户卡遗失应如何处理？', '如何更换银行卡？', '如何绑定多张银行卡？', '身份证过期可以办理开户吗？', '如何注销证券账户？']",0.9971053,未办理外币银证转账业务的客户如何存款？,0,0
深港通开通有什么条件,A股和港股的显示颜色有什么区别？,"['A股和港股的显示颜色有什么区别？', '深港通股票为A+H股的，A股停牌与H股停牌是否同步？', '深市港股通有哪些特别风险？', '深市港股通开通条件', '深港通跟沪港通的额度能共用吗？']",0.999293327,深市港股通开通条件,0,1
我已开通创业板了。,创业板如何开通,"['创业板如何开通', '创业板权限首次开通？', '开通创业板权限对账户有什么要求？', '信用账户与普通账户的创业板权限需单独开立吗？', '创业板权限开通的办理时间']",0.987204432,创业板如何开通,1,1
怎样处理信用证卷账户卡遗失？,信用证券账户卡遗失应如何处理？,"['信用证券账户卡遗失应如何处理？', 'A股账户销户需由本人亲自办理吗？', '信用账户资金无法转出的原因', '如何注销证券账户？', '如何注销信用账户？']",0.999293804,信用证券账户卡遗失应如何处理？,1,1
为什么买不了st股,如何才可以买股票？,"['如何才可以买股票？', '股票可以当天买入当天卖出吗？', 'ST股票为何无法买入？', '申报深市股票委托时，提示：证券账户无效，该如何处理？', '如何交易股票？']",0.865707576,ST股票为何无法买入？,0,1
今天卖了股票明天可以转钱出银行卡吗,当日卖出股票后可以转出资金吗？,"['当日卖出股票后可以转出资金吗？', '上交所可转债债转股能撤单吗？', '证券转银行为什么转不了？', '申购新股当天可以办理转户吗？', '外币证券转银行限额']",0.999141335,当日卖出股票后可以转出资金吗？,1,1
请问忘了户名和帐号怎么办,手机账号忘记了怎么办,"['手机账号忘记了怎么办', '手机账户密码忘记了怎么办', 'A股账户销户需由本人亲自办理吗？', '自助开户后如何补办三方存管？', '同一个账号允许在不同的手机上同时登录吗？']",0.997391701,手机账号忘记了怎么办,1,1
手续费怎么看,多少资金能达到多少的佣金？,"['多少资金能达到多少的佣金？', '信用账户的担保品买卖佣金费率与普通账户一致吗？', '如何收取股票交易佣金？', '如何调整佣金费率？', '如何查询佣金费率？']",0.98969692,如何查询佣金费率？,0,1
泸港通和深港通交易日的基本规则,深港通和沪港通的交易日区别？,"['深港通和沪港通的交易日区别？', '深港通跟沪港通的额度能共用吗？', '深港通标的股票范围？', '深市港股通有哪些特别风险？', '深港通股票交易如何操作？']",0.999467075,深港通和沪港通的交易日区别？,1,1
新三板企业的限售期是怎样规定的,新三板企业的限售期？,"['新三板企业的限售期？', '三板交易权限如何取消？', '新三板与地方产权交易市场的区别？', '新三板做市转让的申报规则？', '新三板协议转让有哪些成交情况？']",0.9975667,新三板企业的限售期？,1,1
信用账户与普通账户的创业板单独开立权限需要吗？,创业板如何开通,"['创业板如何开通', '信用账户与普通账户的创业板权限需单独开立吗？', '开通创业板权限对账户有什么要求？', '创业板权限首次开通？', '信用账户三方存管的银行有哪些？']",0.976859808,信用账户与普通账户的创业板权限需单独开立吗？,0,1
去哪开通创业板,创业板如何开通,"['创业板如何开通', '创业板权限首次开通？', '开通创业板权限对账户有什么要求？', '创业板权限开通的办理时间', '信用账户与普通账户的创业板权限需单独开立吗？']",0.989023328,创业板如何开通,1,1
银转证转不了,证券转银行为什么转不了？,"['证券转银行为什么转不了？', '外币证券转银行限额', '银证转账的时间？', '信用账户资金无法转出的原因', '转账失败的原因？']",0.999002874,证券转银行为什么转不了？,1,1
资金为什么转不出银行,为何账户有资金无法转出？,"['为何账户有资金无法转出？', '证券转银行为什么转不了？', '外币证券转银行限额', '信用账户资金无法转出的原因', '当日卖出股票后可以转出资金吗？']",0.988913715,证券转银行为什么转不了？,0,1
证券转银行怎么错误,证券转银行为什么转不了？,"['证券转银行为什么转不了？', '外币证券转银行限额', '信用账户资金无法转出的原因', '银证转账的时间？', '当日卖出股票后可以转出资金吗？']",0.999429643,证券转银行为什么转不了？,1,1
创业版怎么开通,创业板如何开通,"['创业板如何开通', '开通创业板权限对账户有什么要求？', '创业板权限首次开通？', '创业板权限开通的办理时间', '信用账户与普通账户的创业板权限需单独开立吗？']",0.968444586,创业板如何开通,1,1
是登陆密码忘记,忘记资金密码怎么办？,"['忘记资金密码怎么办？', '手机账户密码忘记了怎么办', '如何修改账户资金密码？', '如何修改交易密码', '忘记交易密码怎么办？']",0.999676943,手机账户密码忘记了怎么办,0,1
请问打新股需要具备什么条件？,新股申购的条件？,"['新股申购的条件？', '新股申购有数量要求吗？', '网下打新申报价格有什么规定？', '网下打新的备案条件？', '网下打新申报数量有什么规定？']",0.99857235,新股申购的条件？,1,1
银行资金转账失败，是怎么回事,证券转银行为什么转不了？,"['证券转银行为什么转不了？', '信用账户资金无法转出的原因', '转账失败的原因？', '外币证券转银行限额', 'B股实行T+0回转交易吗？']",0.997801721,转账失败的原因？,0,1
我的账户为什么不能登录？,如何开户？,"['如何开户？', '同一个账号允许在不同的手机上同时登录吗？', '如何注销证券账户？', '如何注销信用账户？', '信用证券账户卡遗失应如何处理？']",0.917138755,如何开户？,1,1
不能转钱到银行,证券转银行为什么转不了？,"['证券转银行为什么转不了？', '外币证券转银行限额', '银证转账的时间？', '信用账户资金无法转出的原因', '当日卖出股票后可以转出资金吗？']",0.995838881,证券转银行为什么转不了？,1,1
深港通的标的股票范围是怎样规定的,深港通标的股票范围？,"['深港通标的股票范围？', '深市港股通有哪些特别风险？', '深港通股票交易如何操作？', '深港通和沪港通的交易日区别？', 'A股和港股通退市制度的区别']",0.999677658,深港通标的股票范围？,1,1
上海B股的新户是不是必须要指定交易后才能进行交易啊,B股的委托申报方式？,"['B股的委托申报方式？', '上海B股需要指定交易吗？', 'B股实行T+0回转交易吗？', '新股申购有数量要求吗？', '网下打新申报价格有什么规定？']",0.999696255,上海B股需要指定交易吗？,0,1
可以修改银行卡么,如何绑定多张银行卡？,"['如何绑定多张银行卡？', '如何更换银行卡？', '如何更换同一银行的三方存管银行卡？', '信用证券账户卡遗失应如何处理？', '信用账户对应银行的券商代码？']",0.994057298,如何更换银行卡？,0,1
钱怎么转不出去,为何账户有资金无法转出？,"['为何账户有资金无法转出？', '信用账户资金无法转出的原因', 'A股自助开户时转账失败，如何处理？', 'A股账户如何转户？', '当日卖出股票后可以转出资金吗？']",0.992287874,为何账户有资金无法转出？,1,1
新三板购买权限如何开通,新三板权限开通流程？,"['新三板权限开通流程？', '三板交易权限如何取消？', '新三板与地方产权交易市场的区别？', '自助开户后如何补办三方存管？', '如何通过电话委托查询新股申购配号？']",0.998746872,新三板权限开通流程？,1,1
不能转到证券来,证券转银行为什么转不了？,"['证券转银行为什么转不了？', '外币证券转银行限额', '信用账户资金无法转出的原因', '银证转账的时间？', '为何账户有资金无法转出？']",0.998218596,证券转银行为什么转不了？,1,1
我的账户为啥不能转银行,信用账户资金无法转出的原因,"['信用账户资金无法转出的原因', '外币证券转银行限额', '证券转银行为什么转不了？', 'A股自助开户时转账失败，如何处理？', '为何账户有资金无法转出？']",0.997480094,证券转银行为什么转不了？,0,1
我账户钱转不出去,为何账户有资金无法转出？,"['为何账户有资金无法转出？', 'A股自助开户时转账失败，如何处理？', '信用账户资金无法转出的原因', 'A股账户如何转户？', '银证转账的时间？']",0.995708942,为何账户有资金无法转出？,1,1
交易密码忘记如何修改,如何修改交易密码,"['如何修改交易密码', '如何修改账户交易密码？', '忘记交易密码怎么办？', '深圳证券交易所证券代码编制原则是什么？', '如何修改账户资金密码？']",0.999905944,如何修改账户交易密码？,0,1
创业版怎样开通,创业板如何开通,"['创业板如何开通', '开通创业板权限对账户有什么要求？', '创业板权限首次开通？', '创业板权限开通的办理时间', '信用账户与普通账户的创业板权限需单独开立吗？']",0.970436931,创业板如何开通,1,1
佣金查询,如何查询佣金费率？,"['如何查询佣金费率？', '信用账户的担保品买卖佣金费率与普通账户一致吗？', '多少资金能达到多少的佣金？', '网上开户佣金是多少？', '如何收取股票交易佣金？']",0.999402165,如何查询佣金费率？,1,1
登录密码忘记了,手机账户密码忘记了怎么办,"['手机账户密码忘记了怎么办', '忘记资金密码怎么办？', '如何修改账户资金密码？', '忘记交易密码怎么办？', '如何修改交易密码']",0.999540925,手机账户密码忘记了怎么办,1,1
请问下我申请了一笔新股IPO是不是就会冻结一笔申购款？,新股申购有数量要求吗？,"['新股申购有数量要求吗？', '网下打新申报数量有什么规定？', '新股申购可以撤单吗？', '新股中签扣款时对现金增利有什么影响？', '新股中签如何缴款？']",0.998657227,新股申购时会冻结资金吗？,0,0
如何开户,如何开户？,"['如何开户？', '如何注销证券账户？', '如何注销信用账户？', '自助开户后如何补办三方存管？', '信用证券账户卡遗失应如何处理？']",0.998784244,如何开户？,1,1
我想把上交所可转债债转股撤单，可以吗,上交所可转债债转股能撤单吗？,"['上交所可转债债转股能撤单吗？', '深交所转股申报当日如何撤销？', '如何转让中小企业私募债券？', '当日卖出股票后可以转出资金吗？', '深交所上市债券实行净价交易有哪些？']",0.999403596,上交所可转债债转股能撤单吗？,1,1
银转证，怎么转不了,证券转银行为什么转不了？,"['证券转银行为什么转不了？', '外币证券转银行限额', '银证转账的时间？', '信用账户资金无法转出的原因', '为何账户有资金无法转出？']",0.999131143,证券转银行为什么转不了？,1,1
为何证券转银行转不出来,证券转银行为什么转不了？,"['证券转银行为什么转不了？', '外币证券转银行限额', '银证转账的时间？', '信用账户资金无法转出的原因', '为何账户有资金无法转出？']",0.999397635,证券转银行为什么转不了？,1,1
申购新股需要什么条件,新股申购的条件？,"['新股申购的条件？', '新股申购有数量要求吗？', '网下打新申报数量有什么规定？', '网下打新申报价格有什么规定？', '申购新股后为何查询不到配号？']",0.998489618,新股申购的条件？,1,1
新三板做市转让的申报的规则是什么？,新三板做市转让的申报规则？,"['新三板做市转让的申报规则？', '新三板股票协议转让的申报类型？', '新三板协议转让有哪些成交情况？', '新三板转让方式有哪些？', '新三板股价变动单位？']",0.999886394,新三板做市转让的申报规则？,1,1
支付新三板的挂牌费用的操作流程是怎样的,新三板挂牌费用如何支付？,"['新三板挂牌费用如何支付？', '新三板可以做融资融券交易吗？', '如何更换同一银行的三方存管银行卡？', '新三板的投资者有哪些？', '新三板协议转让有哪些成交情况？']",0.999255717,新三板挂牌费用如何支付？,1,1
为什么我转不了钱进来？,为何账户有资金无法转出？,"['为何账户有资金无法转出？', '当日卖出股票后可以转出资金吗？', '信用账户资金无法转出的原因', '证券转银行为什么转不了？', 'A股自助开户时转账失败，如何处理？']",0.992675483,为何账户有资金无法转出？,1,1
银证转账时间,银证转账的时间？,"['银证转账的时间？', '外币证券转银行限额', '转账失败的原因？', '信用账户资金无法转出的原因', '证券转银行为什么转不了？']",0.999020815,银证转账的时间？,1,1
不能登陆账号了,如何开户？,"['如何开户？', '同一个账号允许在不同的手机上同时登录吗？', '手机账号忘记了怎么办', '如何查询证券账号？', '如何注销证券账户？']",0.526242971,如何开户？,1,1
你好，我以前开户的账号和密码忘记了怎么办,手机账户密码忘记了怎么办,"['手机账户密码忘记了怎么办', '忘记资金密码怎么办？', '如何重置信用账户密码？', '如何修改账户资金密码？', '深市A股的增发代码是什么？']",0.999886513,手机账户密码忘记了怎么办,1,1
怎么不能转款,信用账户资金无法转出的原因,"['信用账户资金无法转出的原因', '为何账户有资金无法转出？', 'A股自助开户时转账失败，如何处理？', '当日卖出股票后可以转出资金吗？', '转账失败的原因？']",0.990463436,为何账户有资金无法转出？,0,1
登陆账号,如何开户？,"['如何开户？', '同一个账号允许在不同的手机上同时登录吗？', '手机账号忘记了怎么办', '如何注销证券账户？', '如何查询证券账号？']",0.699777722,如何开户？,1,1
两个手机同时登陆同一个账号.可以吗,手机账号忘记了怎么办,"['手机账号忘记了怎么办', '同一个账号允许在不同的手机上同时登录吗？', '手机账户密码忘记了怎么办', '信用账户开立后何时生效？', '信用账户对应银行的券商代码？']",0.99774456,同一个账号允许在不同的手机上同时登录吗？,0,1
为啥证券转银行转不了,证券转银行为什么转不了？,"['证券转银行为什么转不了？', '外币证券转银行限额', '银证转账的时间？', '信用账户资金无法转出的原因', '为何账户有资金无法转出？']",0.999376833,证券转银行为什么转不了？,1,1
信用账户购买非标的证券行吗？,信用账户可以购买非标的证券吗？,"['信用账户可以购买非标的证券吗？', '如何注销证券账户？', '信用证券账户卡遗失应如何处理？', '信用账户三方存管的银行有哪些？', '如何注销信用账户？']",0.993729115,信用账户可以购买非标的证券吗？,1,1
我的打新股还差哪些条件？,新股申购的条件？,"['新股申购的条件？', '网下打新申报数量有什么规定？', '网下打新申报价格有什么规定？', '申购新股后为何查询不到配号？', '信用账户新股中签缴款占用了自有资金会影响维持担保比例吗？']",0.989892244,新股申购的条件？,1,1
股票卖出的钱要多久能转入银行,当日卖出股票后可以转出资金吗？,"['当日卖出股票后可以转出资金吗？', '外币证券转银行限额', '银证转账的时间？', '证券转银行为什么转不了？', 'A股账户如何转户？']",0.998767138,当日卖出股票后可以转出资金吗？,1,1
身份证过期了怎么弄,身份证过期可以办理开户吗？,"['身份证过期可以办理开户吗？', '身份证过期如何办理？', '身份证到期影响账户交易吗？', '信用证券账户卡遗失应如何处理？', '深圳证券交易所证券代码编制原则是什么？']",0.996051729,身份证过期如何办理？,0,1
我创业板的权限怎么转签不过来呢,创业板权限转签如何操作？,"['创业板权限转签如何操作？', '三板交易权限如何取消？', '信用账户与普通账户的创业板权限需单独开立吗？', '如何转让中小企业私募债券？', '新三板与地方产权交易市场的区别？']",0.999432027,创业板权限转签如何操作？,1,1
上交所新股上市首日临时停牌期间还能进行委托吗,深交所新股上市首日临时停牌期间接受委托吗？,"['深交所新股上市首日临时停牌期间接受委托吗？', '上交所新股上市首日临时停牌期间接受委托吗？', '新股上市首日有涨跌幅限制吗？', '新股申购的市值计算范围？', '深交所对竞价交易临时停牌有何规定？']",0.999669552,上交所新股上市首日临时停牌期间接受委托吗？,0,1
我想查一下我的手续费率怎么查,多少资金能达到多少的佣金？,"['多少资金能达到多少的佣金？', '如何查询佣金费率？', '网上开户佣金是多少？', '如何收取股票交易佣金？', '信用账户的担保品买卖佣金费率与普通账户一致吗？']",0.994436026,如何查询佣金费率？,0,1
为什么银行转证券转账失败？,证券转银行为什么转不了？,"['证券转银行为什么转不了？', '外币证券转银行限额', '信用账户资金无法转出的原因', '转账失败的原因？', '为何账户有资金无法转出？']",0.999344766,证券转银行为什么转不了？,1,1
一般信用账户开立后几日能使用？,信用账户开立后何时生效？,"['信用账户开立后何时生效？', '信用账户开通条件', '信用账户销户条件？', '同一个账号允许在不同的手机上同时登录吗？', '信用账户交易允许市价委托吗？']",0.99266398,信用账户开立后何时生效？,1,1
请问网上自助开户手续费多少的？,网上开户佣金是多少？,"['网上开户佣金是多少？', 'A股开户是否收费？', '网上委托权限如何取消？', '如何查询佣金费率？', '自助开户后如何补办三方存管？']",0.99909091,网上开户佣金是多少？,1,1
你好，创业板怎么开通,创业板如何开通,"['创业板如何开通', '开通创业板权限对账户有什么要求？', '创业板权限首次开通？', '信用账户与普通账户的创业板权限需单独开立吗？', '创业板权限开通的办理时间']",0.99171114,创业板如何开通,1,1
能在手机更改密码吗？,忘记资金密码怎么办？,"['忘记资金密码怎么办？', '手机账户密码忘记了怎么办', '如何修改账户资金密码？', '如何重置信用账户密码？', '如何修改交易密码']",0.999451935,手机账户密码忘记了怎么办,0,1
全国股份转让系统和地方产权交易市场有什么区别？,新三板转让方式有哪些？,"['新三板转让方式有哪些？', '当日卖出股票后可以转出资金吗？', '如何转让中小企业私募债券？', '上交所可转债债转股能撤单吗？', '上交所股票期权行权价格间距如何设置？']",0.99296546,新三板与地方产权交易市场的区别？,0,0
我的登录密码忘了,手机账户密码忘记了怎么办,"['手机账户密码忘记了怎么办', '忘记资金密码怎么办？', '如何修改账户资金密码？', '忘记交易密码怎么办？', '如何修改交易密码']",0.99952805,手机账户密码忘记了怎么办,1,1
以前别人帮我代办开过一个账户，我现在想注销怎么处理,A股账户销户需由本人亲自办理吗？,"['A股账户销户需由本人亲自办理吗？', '身份证过期可以办理开户吗？', '手机账号忘记了怎么办', '网上开户佣金是多少？', '身份证过期如何办理？']",0.954521835,如何注销证券账户？,0,0
账户登陆不上,如何开户？,"['如何开户？', '同一个账号允许在不同的手机上同时登录吗？', '如何注销证券账户？', '如何注销信用账户？', '信用账户销户条件？']",0.972596049,如何开户？,1,1
如何可以买股票？,如何才可以买股票？,"['如何才可以买股票？', '如何交易股票？', '股票可以当天买入当天卖出吗？', 'ST股票为何无法买入？', 'A股自助开户时转账失败，如何处理？']",0.993216455,如何才可以买股票？,1,1
B股是T+0交易对不对？,B股实行T+0回转交易吗？,"['B股实行T+0回转交易吗？', '上海B股需要指定交易吗？', 'B股的委托申报方式？', '上海ST、*ST股的交易规则？', 'A股为什么要实行T+1股票交易制度？']",0.999954462,B股实行T+0回转交易吗？,1,1
交易登录密码忘了,手机账户密码忘记了怎么办,"['手机账户密码忘记了怎么办', '忘记交易密码怎么办？', '如何修改交易密码', '如何修改账户交易密码？', '深圳证券交易所证券代码编制原则是什么？']",0.998475134,忘记交易密码怎么办？,0,1
这个是时间是不是不交易了,股票的交易时间？,"['股票的交易时间？', '深圳大宗交易的成交确认时间？', '深交所对竞价交易临时停牌有何规定？', '上海ST、*ST股的交易规则？', '如何交易股票？']",0.761667073,股票的交易时间？,1,1
自助开户的第三方存管要怎么补办？,自助开户后如何补办三方存管？,"['自助开户后如何补办三方存管？', '如何注销三方存管账户？', '如何更换同一银行的三方存管银行卡？', '信用账户三方存管的银行有哪些？', '新三板挂牌费用如何支付？']",0.999485016,自助开户后如何补办三方存管？,1,1
我的交易费多少,如何收取股票交易佣金？,"['如何收取股票交易佣金？', '多少资金能达到多少的佣金？', '股票交易费用', '信用账户的担保品买卖佣金费率与普通账户一致吗？', '上交所债券的费用有哪些？']",0.988907874,多少资金能达到多少的佣金？,0,1
上交所股票期权行权价格间距的设置规则,上交所股票期权行权价格间距如何设置？,"['上交所股票期权行权价格间距如何设置？', '深交所对竞价交易临时停牌有何规定？', '如何修改成本价数值？', '网下打新申报价格有什么规定？', '深交所上市债券实行全价交易有哪些？']",0.999914408,上交所股票期权行权价格间距如何设置？,1,1
如何开通创业板指数,创业板如何开通,"['创业板如何开通', '开通创业板权限对账户有什么要求？', '创业板权限首次开通？', '上交所债券逆回购申报数量要求？', '创业板权限开通的办理时间']",0.993186235,创业板如何开通,1,1
资金密码忘记了，怎么办,忘记资金密码怎么办？,"['忘记资金密码怎么办？', '手机账户密码忘记了怎么办', '如何修改账户资金密码？', '忘记交易密码怎么办？', '如何修改交易密码']",0.999931693,忘记资金密码怎么办？,1,1
刚开户的,如何开户？,"['如何开户？', '如何注销信用账户？', '信用账户开通条件', '如何注销证券账户？', '信用账户开立后何时生效？']",0.99192363,如何开户？,1,1
怎样找回交易密码,忘记交易密码怎么办？,"['忘记交易密码怎么办？', '如何修改交易密码', '如何修改账户交易密码？', '深圳证券交易所证券代码编制原则是什么？', '忘记资金密码怎么办？']",0.999729455,忘记交易密码怎么办？,1,1
信用账户支持要约收购吗,信用账户可以操作要约收购吗？,"['信用账户可以操作要约收购吗？', '上交所债券逆回购申报数量要求？', '新股申购有数量要求吗？', '信用账户开立后何时生效？', '如何注销信用账户？']",0.996899605,信用账户可以操作要约收购吗？,1,1
新股中签会有信息通知吗？,新股中签会有短信通知吗？,"['新股中签会有短信通知吗？', '信用账户新股中签缴款占用了自有资金会影响维持担保比例吗？', '新股中签扣款时对现金增利有什么影响？', '新股中签如何缴款？', '新股中签扣款时对金快线有什么影响？']",0.999418497,新股中签会有短信通知吗？,1,1
你好我的登入账户是登录账户吗,如何开户？,"['如何开户？', '同一个账号允许在不同的手机上同时登录吗？', '如何注销证券账户？', '如何注销信用账户？', '信用账户销户条件？']",0.960435927,如何开户？,1,1
资金转不进来,为何账户有资金无法转出？,"['为何账户有资金无法转出？', '信用账户资金无法转出的原因', '证券转银行为什么转不了？', '转账失败的原因？', '外币证券转银行限额']",0.991912723,为何账户有资金无法转出？,1,1
为何账户有资金转不出去？,为何账户有资金无法转出？,"['为何账户有资金无法转出？', '信用账户资金无法转出的原因', 'A股自助开户时转账失败，如何处理？', '转账失败的原因？', 'A股账户如何转户？']",0.998589098,为何账户有资金无法转出？,1,1
a股开户费是多少？,A股开户是否收费？,"['A股开户是否收费？', '网上开户佣金是多少？', '信用账户的担保品买卖佣金费率与普通账户一致吗？', '多少资金能达到多少的佣金？', '如何收取股票交易佣金？']",0.995903313,网上开户佣金是多少？,0,1
配股认购名称深交所是根据什么编制的？,深交所配股认购名称的编制原则？,"['深交所配股认购名称的编制原则？', '新股申购的配号规则？', '申购新股后为何查询不到配号？', '深圳市场的新股配号为何有小数点？', '信用账户如何操作配股？']",0.999347031,深交所配股认购名称的编制原则？,1,1
资金怎么转不出,为何账户有资金无法转出？,"['为何账户有资金无法转出？', '信用账户资金无法转出的原因', '证券转银行为什么转不了？', '转账失败的原因？', 'A股账户如何转户？']",0.993702173,为何账户有资金无法转出？,1,1
证券转银行转不了？为什么？,证券转银行为什么转不了？,"['证券转银行为什么转不了？', '外币证券转银行限额', '银证转账的时间？', '信用账户资金无法转出的原因', '当日卖出股票后可以转出资金吗？']",0.999393344,证券转银行为什么转不了？,1,1
账户密码忘了怎么办,手机账户密码忘记了怎么办,"['手机账户密码忘记了怎么办', '忘记资金密码怎么办？', '如何修改账户资金密码？', '如何重置信用账户密码？', '如何修改账户交易密码？']",0.999956846,手机账户密码忘记了怎么办,1,1
如何才可以买股票,如何才可以买股票？,"['如何才可以买股票？', '如何交易股票？', '股票可以当天买入当天卖出吗？', 'ST股票为何无法买入？', 'A股自助开户时转账失败，如何处理？']",0.993335724,如何才可以买股票？,1,1
请问深市新股配号为什么有小数点，比如00000758.00,深圳市场的新股配号为何有小数点？,"['深圳市场的新股配号为何有小数点？', '申购新股后为何查询不到配号？', '网下打新申报数量有什么规定？', '新股申购的配号规则？', '新股申购有数量要求吗？']",0.999795735,深圳市场的新股配号为何有小数点？,1,1
共享深港通和泸港通的额度可以吗？,深港通跟沪港通的额度能共用吗？,"['深港通跟沪港通的额度能共用吗？', 'A股和港股的显示颜色有什么区别？', '深港通标的股票范围？', 'A股和港股通退市制度的区别', '深港通和沪港通的交易日区别？']",0.999589503,深港通跟沪港通的额度能共用吗？,1,1
我想去开通创业板,创业板如何开通,"['创业板如何开通', '开通创业板权限对账户有什么要求？', '创业板权限首次开通？', '信用账户与普通账户的创业板权限需单独开立吗？', '创业板权限开通的办理时间']",0.989478528,创业板如何开通,1,1
想开户,如何开户？,"['如何开户？', '如何注销证券账户？', '如何注销信用账户？', '信用账户开通条件', '信用账户开立后何时生效？']",0.993982494,如何开户？,1,1
忘了我的账户,手机账号忘记了怎么办,"['手机账号忘记了怎么办', '同一个账号允许在不同的手机上同时登录吗？', '如何注销证券账户？', '信用证券账户卡遗失应如何处理？', '信用账户销户条件？']",0.985982835,手机账号忘记了怎么办,1,1
我的信用账户的资金转不出来是什么导致的,信用账户资金无法转出的原因,"['信用账户资金无法转出的原因', '为何账户有资金无法转出？', 'A股自助开户时转账失败，如何处理？', 'A股账户如何转户？', '转账失败的原因？']",0.999388456,信用账户资金无法转出的原因,1,1
为什么要app账号,如何注销证券账户？,"['如何注销证券账户？', '如何注销信用账户？', '信用证券账户卡遗失应如何处理？', '同一个账号允许在不同的手机上同时登录吗？', 'A股账户销户需由本人亲自办理吗？']",0.991882503,手机账号忘记了怎么办,0,0
怎么修改交易密码,如何修改交易密码,"['如何修改交易密码', '如何修改账户交易密码？', '忘记交易密码怎么办？', '深圳证券交易所证券代码编制原则是什么？', '深市A股的增发代码是什么？']",0.999855995,如何修改交易密码,1,1
帐户密码忘了,手机账户密码忘记了怎么办,"['手机账户密码忘记了怎么办', '如何修改账户资金密码？', '如何重置信用账户密码？', '忘记资金密码怎么办？', '如何修改账户交易密码？']",0.999822199,手机账户密码忘记了怎么办,1,1
开创业版有资金要求吗,开通创业板权限对账户有什么要求？,"['开通创业板权限对账户有什么要求？', '如何开户？', '自助开户后如何补办三方存管？', '为何账户有资金无法转出？', '如何转让中小企业私募债券？']",0.799802363,开通创业板权限对账户有什么要求？,1,1
还可以在开,如何开户？,"['如何开户？', '信用账户可以网上开通吗？', '网上开户佣金是多少？', 'A股自助开户时转账失败，如何处理？', '身份证过期可以办理开户吗？']",0.798718929,如何开户？,1,1
这开通的是创业板？,创业板如何开通,"['创业板如何开通', '开通创业板权限对账户有什么要求？', '创业板权限首次开通？', '创业板权限开通的办理时间', '信用账户与普通账户的创业板权限需单独开立吗？']",0.991573989,创业板如何开通,1,1
如何才能够申购新股？,新股申购的条件？,"['新股申购的条件？', '网下打新申报数量有什么规定？', '新股申购有数量要求吗？', '申购新股后为何查询不到配号？', '新股中签如何缴款？']",0.996218979,新股申购的条件？,1,1
上海B股一定要办指定交易吗,上海B股需要指定交易吗？,"['上海B股需要指定交易吗？', 'B股实行T+0回转交易吗？', 'B股的委托申报方式？', 'A股为什么要实行T+1股票交易制度？', 'A股账户销户需由本人亲自办理吗？']",0.999917269,上海B股需要指定交易吗？,1,1
转签创业版还可以使用A股不？,创业板权限转签如何操作？,"['创业板权限转签如何操作？', '当日卖出股票后可以转出资金吗？', 'A股自助开户时转账失败，如何处理？', '外币证券转银行限额', '新三板股票协议转让的申报类型？']",0.987339914,创业板权限转签如何操作？,1,1
转签创业板权限,创业板权限转签如何操作？,"['创业板权限转签如何操作？', '信用账户与普通账户的创业板权限需单独开立吗？', '新三板与地方产权交易市场的区别？', '三板交易权限如何取消？', '开通创业板权限对账户有什么要求？']",0.998923123,创业板权限转签如何操作？,1,1
我想问下注销账户一定要去营业部么,如何注销证券账户？,"['如何注销证券账户？', '如何注销信用账户？', '信用账户可以操作要约收购吗？', 'A股账户销户有哪些注意事项？', '信用账户开立后何时生效？']",0.997332096,如何注销证券账户？,1,1
外币证券转银证有数额限定吗？,外币证券转银行限额,"['外币证券转银行限额', '证券转银行为什么转不了？', '银证转账的时间？', '申购基金时发行总数显示为0的原因', '上交所债券逆回购申报数量要求？']",0.999247968,外币证券转银行限额,1,1
新股申购资格,新股申购的条件？,"['新股申购的条件？', '网下打新申报价格有什么规定？', '网下打新资格是否支持在多家券商间使用？', '新股申购有数量要求吗？', '网下打新申报数量有什么规定？']",0.996077955,新股申购的条件？,1,1
为什么申购新股没有配号,申购新股后为何查询不到配号？,"['申购新股后为何查询不到配号？', '新股申购的配号规则？', '深圳市场的新股配号为何有小数点？', '如何通过电话委托查询新股申购配号？', '网下打新申报数量有什么规定？']",0.999610484,申购新股后为何查询不到配号？,1,1
我这边银行卡转账转不进去,证券转银行为什么转不了？,"['证券转银行为什么转不了？', '外币证券转银行限额', '转账失败的原因？', '信用账户资金无法转出的原因', '为何账户有资金无法转出？']",0.997757375,证券转银行为什么转不了？,1,1
我交易密码忘记怎么办,忘记交易密码怎么办？,"['忘记交易密码怎么办？', '如何修改交易密码', '如何修改账户交易密码？', '忘记资金密码怎么办？', '深圳证券交易所证券代码编制原则是什么？']",0.999944568,忘记交易密码怎么办？,1,1
新股申购需要那些条件？,新股申购的条件？,"['新股申购的条件？', '新股申购有数量要求吗？', '网下打新申报数量有什么规定？', '新股申购时会冻结资金吗？', '申购新股后为何查询不到配号？']",0.998673558,新股申购的条件？,1,1
为什么我证券转银行无法转出,证券转银行为什么转不了？,"['证券转银行为什么转不了？', '外币证券转银行限额', '银证转账的时间？', '为何账户有资金无法转出？', '信用账户资金无法转出的原因']",0.999469101,证券转银行为什么转不了？,1,1
我的编号忘记了,客户编号忘记了如何找回？,"['客户编号忘记了如何找回？', '手机账号忘记了怎么办', '同一个账号允许在不同的手机上同时登录吗？', '深圳证券交易所证券代码编制原则是什么？', '手机账户密码忘记了怎么办']",0.992770135,手机账号忘记了怎么办,0,1
设置交易密码,如何修改交易密码,"['如何修改交易密码', '忘记交易密码怎么办？', '如何修改账户交易密码？', '深圳证券交易所证券代码编制原则是什么？', '忘记资金密码怎么办？']",0.99976033,如何修改交易密码,1,1
忘记客户编号,客户编号忘记了如何找回？,"['客户编号忘记了如何找回？', '手机账号忘记了怎么办', '同一个账号允许在不同的手机上同时登录吗？', '手机账户密码忘记了怎么办', '深圳证券交易所证券代码编制原则是什么？']",0.994305909,客户编号忘记了如何找回？,1,1
我忘了我的客户编号,客户编号忘记了如何找回？,"['客户编号忘记了如何找回？', '手机账号忘记了怎么办', '同一个账号允许在不同的手机上同时登录吗？', '手机账户密码忘记了怎么办', '信用账户如何操作配股？']",0.991038203,客户编号忘记了如何找回？,1,1
钱为何转不出去?,为何账户有资金无法转出？,"['为何账户有资金无法转出？', '信用账户资金无法转出的原因', '当日卖出股票后可以转出资金吗？', 'A股自助开户时转账失败，如何处理？', 'A股账户如何转户？']",0.993319988,为何账户有资金无法转出？,1,1
我交易密码忘记了 怎么找回,忘记交易密码怎么办？,"['忘记交易密码怎么办？', '如何修改交易密码', '如何修改账户交易密码？', '深市A股的增发代码是什么？', '忘记资金密码怎么办？']",0.999844313,忘记交易密码怎么办？,1,1
如何调整佣金费率,如何调整佣金费率？,"['如何调整佣金费率？', '多少资金能达到多少的佣金？', '信用账户的担保品买卖佣金费率与普通账户一致吗？', '如何查询佣金费率？', '网上开户佣金是多少？']",0.999673367,如何调整佣金费率？,1,1
可以电话开通创业板交易权限吗,创业板权限首次开通？,"['创业板权限首次开通？', '创业板如何开通', '开通创业板权限对账户有什么要求？', '创业板权限开通的办理时间', '信用账户与普通账户的创业板权限需单独开立吗？']",0.994625628,创业板权限首次开通？,1,1
请问如何找回资金密码,忘记资金密码怎么办？,"['忘记资金密码怎么办？', '如何修改交易密码', '如何修改账户资金密码？', '如何修改账户交易密码？', '忘记交易密码怎么办？']",0.999678493,忘记资金密码怎么办？,1,1
开通创业板权限必须到开户营业部去吗？,创业板如何开通,"['创业板如何开通', '开通创业板权限对账户有什么要求？', '信用账户与普通账户的创业板权限需单独开立吗？', '创业板权限首次开通？', '创业板权限开通的办理时间']",0.98809731,开通创业板权限对账户有什么要求？,0,1
怎样调整融资融券额度,如何调整融资融券授信额度？,"['如何调整融资融券授信额度？', '如何修改金融终端K线图的副图指标参数？', '如何修改金融终端个股分时图下方的成交量柱状线的颜色？', '新三板可以做融资融券交易吗？', '信用证券账户卡遗失应如何处理？']",0.999525428,如何调整融资融券授信额度？,1,1
可以调整佣金的比例吗,如何调整佣金费率？,"['如何调整佣金费率？', '多少资金能达到多少的佣金？', '网上开户佣金是多少？', '信用账户的担保品买卖佣金费率与普通账户一致吗？', '如何查询佣金费率？']",0.999512315,如何调整佣金费率？,1,1
怎么开通创业板的权限,创业板权限首次开通？,"['创业板权限首次开通？', '创业板如何开通', '开通创业板权限对账户有什么要求？', '信用账户与普通账户的创业板权限需单独开立吗？', '创业板权限开通的办理时间']",0.997804821,创业板权限首次开通？,1,1
你好！我的登录密码忘了,手机账户密码忘记了怎么办,"['手机账户密码忘记了怎么办', '忘记资金密码怎么办？', '如何修改账户资金密码？', '忘记交易密码怎么办？', '如何修改交易密码']",0.999553382,手机账户密码忘记了怎么办,1,1
忘记登录密码怎么办,手机账户密码忘记了怎么办,"['手机账户密码忘记了怎么办', '忘记资金密码怎么办？', '如何修改账户资金密码？', '忘记交易密码怎么办？', '如何重置信用账户密码？']",0.999883771,手机账户密码忘记了怎么办,1,1
账户怎么不能登录,如何开户？,"['如何开户？', '同一个账号允许在不同的手机上同时登录吗？', '如何注销证券账户？', '如何注销信用账户？', 'A股账户销户有哪些注意事项？']",0.92162329,如何开户？,1,1
信用账户与普通账户的创业板权限用不用单独开立啊？,创业板如何开通,"['创业板如何开通', '信用账户与普通账户的创业板权限需单独开立吗？', '开通创业板权限对账户有什么要求？', '创业板权限首次开通？', '创业板权限开通的办理时间']",0.964814782,信用账户与普通账户的创业板权限需单独开立吗？,0,1
我不用开户,如何开户？,"['如何开户？', '如何注销证券账户？', '如何注销信用账户？', '信用账户开通条件', '信用账户开立后何时生效？']",0.992073238,如何开户？,1,1
我的交易密码忘记了怎么办,忘记交易密码怎么办？,"['忘记交易密码怎么办？', '如何修改交易密码', '如何修改账户交易密码？', '忘记资金密码怎么办？', '深圳证券交易所证券代码编制原则是什么？']",0.999944568,忘记交易密码怎么办？,1,1
忘记登录密码了,手机账户密码忘记了怎么办,"['手机账户密码忘记了怎么办', '忘记资金密码怎么办？', '如何修改账户资金密码？', '忘记交易密码怎么办？', '如何修改交易密码']",0.999540925,手机账户密码忘记了怎么办,1,1
当日买的股票，资金当日能转出来吗,当日卖出股票后可以转出资金吗？,"['当日卖出股票后可以转出资金吗？', '为何账户有资金无法转出？', '上交所可转债债转股能撤单吗？', '深交所转股申报当日如何撤销？', 'A股自助开户时转账失败，如何处理？']",0.998399079,当日卖出股票后可以转出资金吗？,1,1
B股可以通过什么进行委托报价？,B股的委托申报方式？,"['B股的委托申报方式？', 'B股实行T+0回转交易吗？', '上海B股需要指定交易吗？', '信用账户交易允许市价委托吗？', '如何修改成本价数值？']",0.999559581,B股的委托申报方式？,1,1
怎么查佣金,如何查询佣金费率？,"['如何查询佣金费率？', '信用账户的担保品买卖佣金费率与普通账户一致吗？', '多少资金能达到多少的佣金？', '网上开户佣金是多少？', '如何收取股票交易佣金？']",0.999478519,如何查询佣金费率？,1,1
为什么我可用的钱转不出去,为何账户有资金无法转出？,"['为何账户有资金无法转出？', '当日卖出股票后可以转出资金吗？', '证券转银行为什么转不了？', '信用账户资金无法转出的原因', 'A股自助开户时转账失败，如何处理？']",0.988266408,为何账户有资金无法转出？,1,1
新开户不久，000.600的票都买了，咋还不能打新。请告知打新的条件。谢谢。,新股申购的条件？,"['新股申购的条件？', '网下打新申报数量有什么规定？', '新股上市首日有涨跌幅限制吗？', '新股申购的配号规则？', '信用账户新股中签缴款占用了自有资金会影响维持担保比例吗？']",0.98103869,新股申购的条件？,1,1
怎么登录不帐号了？,如何开户？,"['如何开户？', '同一个账号允许在不同的手机上同时登录吗？', '手机账号忘记了怎么办', '如何查询证券账号？', '客户编号忘记了如何找回？']",0.845104337,如何开户？,1,1
我想把我的佣金调整为万三，应该怎么做,如何调整佣金费率？,"['如何调整佣金费率？', '多少资金能达到多少的佣金？', '网上开户佣金是多少？', '信用账户的担保品买卖佣金费率与普通账户一致吗？', '如何查询佣金费率？']",0.999689221,如何调整佣金费率？,1,1
为什么证券转银行不行？,证券转银行为什么转不了？,"['证券转银行为什么转不了？', '外币证券转银行限额', '银证转账的时间？', '信用账户资金无法转出的原因', '当日卖出股票后可以转出资金吗？']",0.999396801,证券转银行为什么转不了？,1,1
当日股票买的钱，要多久才能转银行卡,当日卖出股票后可以转出资金吗？,"['当日卖出股票后可以转出资金吗？', '上海B股需要指定交易吗？', '如何才可以买股票？', 'A股为什么要实行T+1股票交易制度？', '股票可以当天买入当天卖出吗？']",0.857197285,当日卖出股票后可以转出资金吗？,1,1
深市港股通会有怎样的风险？,深市港股通有哪些特别风险？,"['深市港股通有哪些特别风险？', 'A股和港股的显示颜色有什么区别？', '深港通跟沪港通的额度能共用吗？', '深港通股票为A+H股的，A股停牌与H股停牌是否同步？', '深市港股通权限如何取消？']",0.999574006,深市港股通有哪些特别风险？,1,1
资金账户忘了,信用账户资金无法转出的原因,"['信用账户资金无法转出的原因', '手机账号忘记了怎么办', '同一个账号允许在不同的手机上同时登录吗？', '如何注销证券账户？', '为何账户有资金无法转出？']",0.988184214,忘记资金密码怎么办？,0,0
请问今天卖掉股票的钱今天不能转账回银行吗？,当日卖出股票后可以转出资金吗？,"['当日卖出股票后可以转出资金吗？', '股票可以当天买入当天卖出吗？', '如何才可以买股票？', 'ST股票为何无法买入？', '如何交易股票？']",0.815183878,当日卖出股票后可以转出资金吗？,1,1
你好，请帮我查一下我的佣金费率,多少资金能达到多少的佣金？,"['多少资金能达到多少的佣金？', '如何查询佣金费率？', '网上开户佣金是多少？', '信用账户的担保品买卖佣金费率与普通账户一致吗？', '如何调整佣金费率？']",0.999628544,如何查询佣金费率？,0,1
账户忘记,手机账号忘记了怎么办,"['手机账号忘记了怎么办', '同一个账号允许在不同的手机上同时登录吗？', '如何注销证券账户？', '信用账户对应银行的券商代码？', '信用证券账户卡遗失应如何处理？']",0.987160563,手机账号忘记了怎么办,1,1
忘了Y金密a,忘记资金密码怎么办？,"['忘记资金密码怎么办？', '手机账户密码忘记了怎么办', '如何修改账户资金密码？', '忘记交易密码怎么办？', '如何修改交易密码']",0.990631163,忘记资金密码怎么办？,1,1
求告知信用账户配股的操作方法,信用账户如何操作配股？,"['信用账户如何操作配股？', '信用账户如何操作配售？', '申购新股后为何查询不到配号？', '如何通过电话委托查询新股申购配号？', '深圳市场的新股配号为何有小数点？']",0.99656111,信用账户如何操作配股？,1,1
信用账户新股中签后用自有资金缴的款，会对维持担保比例造成影响吗,信用账户新股中签缴款占用了自有资金会影响维持担保比例吗？,"['信用账户新股中签缴款占用了自有资金会影响维持担保比例吗？', '新股中签如何缴款？', '新股中签会有短信通知吗？', '新股中签扣款时对现金增利有什么影响？', '网下打新申报价格有什么规定？']",0.999708116,信用账户新股中签缴款占用了自有资金会影响维持担保比例吗？,1,1
我已经满足了打新的准备条件，为什么还打不了新 ,新股申购的条件？,"['新股申购的条件？', '网下打新的备案条件？', '网下打新申报数量有什么规定？', '网下打新申报价格有什么规定？', '网下打新资格是否支持在多家券商间使用？']",0.99559927,新股申购的条件？,1,1
处理申报深市股票委托时，提示：证券账户无效的方式是什么？,申报深市股票委托时，提示：证券账户无效，该如何处理？,"['申报深市股票委托时，提示：证券账户无效，该如何处理？', '深圳大宗交易的成交确认时间？', '深交所新股上市首日临时停牌期间接受委托吗？', '深圳市场大宗交易的条件？', '深交所对竞价交易临时停牌有何规定？']",0.998780668,申报深市股票委托时，提示：证券账户无效，该如何处理？,1,1
我的帐户不能转帐到银行卡里？,外币证券转银行限额,"['外币证券转银行限额', 'A股自助开户时转账失败，如何处理？', '证券转银行为什么转不了？', '信用账户资金无法转出的原因', '为何账户有资金无法转出？']",0.997894704,证券转银行为什么转不了？,0,1
当日卖出的股票获取的资金，可不可以当日转出,当日卖出股票后可以转出资金吗？,"['当日卖出股票后可以转出资金吗？', '为何账户有资金无法转出？', '股票可以当天买入当天卖出吗？', '退市股票可以交易吗？', '如何才可以买股票？']",0.855892897,当日卖出股票后可以转出资金吗？,1,1
创业板权限首次开通,创业板如何开通,"['创业板如何开通', '创业板权限首次开通？', '开通创业板权限对账户有什么要求？', '创业板权限开通的办理时间', '信用账户与普通账户的创业板权限需单独开立吗？']",0.981734812,创业板权限首次开通？,0,1
信用账户当日卖出的股票资金，能否当日转出到银行,当日卖出股票后可以转出资金吗？,"['当日卖出股票后可以转出资金吗？', '信用账户可以买入现金类产品吗？', '信用账户持有的股票如何行使投票权？', '信用账户可以交易哪些股票？', '信用账户可以购买非标的证券吗？']",0.798696578,当日卖出股票后可以转出资金吗？,1,1
改银行,信用账户对应银行的券商代码？,"['信用账户对应银行的券商代码？', '如何更换银行卡？', '信用账户三方存管的银行有哪些？', '证券转银行为什么转不了？', '如何绑定多张银行卡？']",0.885530472,如何更换银行卡？,0,1
为什么我的钱提不出来,为何账户有资金无法转出？,"['为何账户有资金无法转出？', '当日卖出股票后可以转出资金吗？', '股票可以当天买入当天卖出吗？', '申报深市股票委托时，提示：证券账户无效，该如何处理？', '申购基金时发行总数显示为0的原因']",0.23109144,为何账户有资金无法转出？,1,1
请问你们可以马上开通创业板吗？,创业板如何开通,"['创业板如何开通', '开通创业板权限对账户有什么要求？', '创业板权限首次开通？', '信用账户与普通账户的创业板权限需单独开立吗？', '创业板权限开通的办理时间']",0.987733722,创业板如何开通,1,1
不符合申购新股的条件是什么情况,新股申购的条件？,"['新股申购的条件？', '网下打新申报数量有什么规定？', '网下打新申报价格有什么规定？', '新股申购有数量要求吗？', '网下打新的备案条件？']",0.998970747,新股申购的条件？,1,1
创业板如何开通！,创业板如何开通,"['创业板如何开通', '开通创业板权限对账户有什么要求？', '创业板权限首次开通？', '创业板权限开通的办理时间', '信用账户与普通账户的创业板权限需单独开立吗？']",0.995631576,创业板如何开通,1,1
是不是不在交易时间，上不去？,股票的交易时间？,"['股票的交易时间？', '深圳大宗交易的成交确认时间？', '如何交易股票？', '深交所对竞价交易临时停牌有何规定？', '上海ST、*ST股的交易规则？']",0.928219855,股票的交易时间？,1,1
怎么资金转不出呀,为何账户有资金无法转出？,"['为何账户有资金无法转出？', '信用账户资金无法转出的原因', '证券转银行为什么转不了？', '转账失败的原因？', '上交所可转债债转股能撤单吗？']",0.993988156,为何账户有资金无法转出？,1,1
这会从证券转银行怎么转不了啊？,证券转银行为什么转不了？,"['证券转银行为什么转不了？', '外币证券转银行限额', '银证转账的时间？', '为何账户有资金无法转出？', '信用账户资金无法转出的原因']",0.999695659,证券转银行为什么转不了？,1,1
交易佣金是多少,多少资金能达到多少的佣金？,"['多少资金能达到多少的佣金？', '信用账户的担保品买卖佣金费率与普通账户一致吗？', '如何调整佣金费率？', '如何收取股票交易佣金？', '网上开户佣金是多少？']",0.999431193,多少资金能达到多少的佣金？,1,1
我的钱干嘛转不进去证券,为何账户有资金无法转出？,"['为何账户有资金无法转出？', '证券转银行为什么转不了？', '外币证券转银行限额', '信用账户资金无法转出的原因', '银证转账的时间？']",0.994109869,证券转银行为什么转不了？,0,1
为什么深市新股配号后面有小数点，还有2个00,深圳市场的新股配号为何有小数点？,"['深圳市场的新股配号为何有小数点？', '申购新股后为何查询不到配号？', '网下打新申报数量有什么规定？', '新股申购的配号规则？', '新股申购有数量要求吗？']",0.999779046,深圳市场的新股配号为何有小数点？,1,1
网下打新的申报价格按什么要求进行,网下打新申报价格有什么规定？,"['网下打新申报价格有什么规定？', '网下打新申报数量有什么规定？', '网下打新资格是否支持在多家券商间使用？', '新股上市当天，开盘集合竞价的申报价格涨跌幅有何限制？', '网下打新的备案条件？']",0.999891877,网下打新申报价格有什么规定？,1,1
您好，如何开通创业板,创业板如何开通,"['创业板如何开通', '开通创业板权限对账户有什么要求？', '创业板权限首次开通？', '创业板权限开通的办理时间', '信用账户与普通账户的创业板权限需单独开立吗？']",0.995776474,创业板如何开通,1,1
新股申购，有数量限制吗？最大和最少能说下吗？,新股申购数量上限,"['新股申购数量上限', '网下打新申报数量有什么规定？', '网下打新申报价格有什么规定？', '新股申购有数量要求吗？', '申购基金时发行总数显示为0的原因']",0.999257863,新股申购数量上限,1,1
银行转证券提示失败,证券转银行为什么转不了？,"['证券转银行为什么转不了？', '外币证券转银行限额', '银证转账的时间？', '信用账户资金无法转出的原因', '为何账户有资金无法转出？']",0.998987854,证券转银行为什么转不了？,1,1
绑定多张银行卡,如何绑定多张银行卡？,"['如何绑定多张银行卡？', '如何更换银行卡？', '如何更换同一银行的三方存管银行卡？', '信用证券账户卡遗失应如何处理？', '信用账户对应银行的券商代码？']",0.998115659,如何绑定多张银行卡？,1,1
我忘记了交易密码怎么办？,忘记交易密码怎么办？,"['忘记交易密码怎么办？', '如何修改交易密码', '如何修改账户交易密码？', '忘记资金密码怎么办？', '深圳证券交易所证券代码编制原则是什么？']",0.999944568,忘记交易密码怎么办？,1,1
如何开通创业板购买权限,创业板权限首次开通？,"['创业板权限首次开通？', '创业板如何开通', '开通创业板权限对账户有什么要求？', '信用账户与普通账户的创业板权限需单独开立吗？', '创业板权限开通的办理时间']",0.997067034,创业板权限首次开通？,1,1
我想开通购买创业板的权限，怎么办理？,创业板权限首次开通？,"['创业板权限首次开通？', '创业板如何开通', '开通创业板权限对账户有什么要求？', '信用账户与普通账户的创业板权限需单独开立吗？', '创业板权限开通的办理时间']",0.998256981,创业板权限首次开通？,1,1
昨天申购的新股，今天为什么没有配号？,申购新股后为何查询不到配号？,"['申购新股后为何查询不到配号？', '新股申购的配号规则？', '深圳市场的新股配号为何有小数点？', '新股申购有数量要求吗？', '网下打新申报数量有什么规定？']",0.999467194,申购新股后为何查询不到配号？,1,1
信用账户交易中可以进行市价委托吗？,深交所上市债券实行全价交易有哪些？,"['深交所上市债券实行全价交易有哪些？', '深交所上市债券实行净价交易有哪些？', '信用账户交易允许市价委托吗？', '如何修改成本价数值？', '深交所对竞价交易临时停牌有何规定？']",0.99914062,信用账户交易允许市价委托吗？,0,1
你们的佣金是多少,信用账户的担保品买卖佣金费率与普通账户一致吗？,"['信用账户的担保品买卖佣金费率与普通账户一致吗？', '多少资金能达到多少的佣金？', '如何调整佣金费率？', '网上开户佣金是多少？', '如何查询佣金费率？']",0.999511719,多少资金能达到多少的佣金？,0,1
我股票都停牌了，能销户吗,A股账户销户有哪些注意事项？,"['A股账户销户有哪些注意事项？', 'A股账户销户需由本人亲自办理吗？', '上交所新股上市首日临时停牌期间接受委托吗？', '深交所新股上市首日临时停牌期间接受委托吗？', '深交所对竞价交易临时停牌有何规定？']",0.978624761,A股账户销户有哪些注意事项？,1,1
证券转银行不是立马就可以转的？,证券转银行为什么转不了？,"['证券转银行为什么转不了？', '外币证券转银行限额', '银证转账的时间？', '当日卖出股票后可以转出资金吗？', '信用账户资金无法转出的原因']",0.999490976,证券转银行为什么转不了？,1,1
我想申购新股，想问下这个配号规则是怎样的,新股申购有数量要求吗？,"['新股申购有数量要求吗？', '网下打新申报数量有什么规定？', '新股申购的市值计算范围？', '新股申购数量上限', '新股申购的条件？']",0.998886883,新股申购的配号规则？,0,0
忘记登录密码？,手机账户密码忘记了怎么办,"['手机账户密码忘记了怎么办', '忘记资金密码怎么办？', '如何修改账户资金密码？', '忘记交易密码怎么办？', '如何修改交易密码']",0.999540925,手机账户密码忘记了怎么办,1,1
A股账户可以网上开通吗,如何开户？,"['如何开户？', '信用账户可以网上开通吗？', '信用账户可以交易哪些股票？', '信用账户可以买入现金类产品吗？', '信用账户可以购买非标的证券吗？']",0.87470299,如何开户？,1,1
为什么不能登入我的账户?,如何开户？,"['如何开户？', '同一个账号允许在不同的手机上同时登录吗？', '如何注销证券账户？', '如何注销信用账户？', '信用证券账户卡遗失应如何处理？']",0.902747512,如何开户？,1,1
怎么付新三板的挂牌费用呢,新三板挂牌费用如何支付？,"['新三板挂牌费用如何支付？', '新三板可以做融资融券交易吗？', '新三板协议转让有哪些成交情况？', '如何更换同一银行的三方存管银行卡？', '新三板股票协议转让的申报类型？']",0.999074101,新三板挂牌费用如何支付？,1,1
交易账户账号忘记,同一个账号允许在不同的手机上同时登录吗？,"['同一个账号允许在不同的手机上同时登录吗？', '手机账号忘记了怎么办', '如何注销证券账户？', '如何修改账户交易密码？', '信用账户销户条件？']",0.986340761,忘记交易密码怎么办？,0,0
请问如何更换银行卡,如何更换银行卡？,"['如何更换银行卡？', '如何绑定多张银行卡？', '如何更换同一银行的三方存管银行卡？', '信用账户三方存管的银行有哪些？', '信用证券账户卡遗失应如何处理？']",0.998282909,如何更换银行卡？,1,1
申购新股时，是否需要准备足够的资金用于冻结。,为何账户有资金无法转出？,"['为何账户有资金无法转出？', '新股申购有数量要求吗？', '新股申购的市值计算范围？', '新股申购时会冻结资金吗？', '新股申购的条件？']",0.075478666,新股申购时会冻结资金吗？,0,1
信用账户的现金资金怎么就不能进行新股中签款缴款？,信用账户资金无法转出的原因,"['信用账户资金无法转出的原因', '信用账户可以买入现金类产品吗？', '为何账户有资金无法转出？', '如何注销信用账户？', '如何注销证券账户？']",0.995372474,信用账户的现金资产为何不能进行新股中签款缴款？,0,0
想问一下，我的是万几费,多少资金能达到多少的佣金？,"['多少资金能达到多少的佣金？', '网上开户佣金是多少？', '信用账户的担保品买卖佣金费率与普通账户一致吗？', '如何收取股票交易佣金？', 'A股开户是否收费？']",0.991909921,多少资金能达到多少的佣金？,1,1
账号不能登录,如何开户？,"['如何开户？', '同一个账号允许在不同的手机上同时登录吗？', '手机账号忘记了怎么办', '如何查询证券账号？', '如何注销证券账户？']",0.52642417,如何开户？,1,1
为什么不能转银行,证券转银行为什么转不了？,"['证券转银行为什么转不了？', '外币证券转银行限额', '银证转账的时间？', '信用账户资金无法转出的原因', '当日卖出股票后可以转出资金吗？']",0.99793458,证券转银行为什么转不了？,1,1
你好，为什么我的账户买不了ST股票,ST股票为何无法买入？,"['ST股票为何无法买入？', '上海ST、*ST股的交易规则？', '信用账户可以购买ST股票吗？', 'A股为什么要实行T+1股票交易制度？', 'B股实行T+0回转交易吗？']",0.999043524,ST股票为何无法买入？,1,1
费用一共多少钱,多少资金能达到多少的佣金？,"['多少资金能达到多少的佣金？', '网上开户佣金是多少？', '如何收取股票交易佣金？', '信用账户的担保品买卖佣金费率与普通账户一致吗？', 'A股开户是否收费？']",0.992310047,多少资金能达到多少的佣金？,1,1
用什么方法收取股票佣金？,如何收取股票交易佣金？,"['如何收取股票交易佣金？', '信用账户的担保品买卖佣金费率与普通账户一致吗？', '如何查询佣金费率？', '多少资金能达到多少的佣金？', '如何调整佣金费率？']",0.999227524,如何收取股票交易佣金？,1,1
请问一下，客户编号忘了，怎么办,手机账号忘记了怎么办,"['手机账号忘记了怎么办', '客户编号忘记了如何找回？', '手机账户密码忘记了怎么办', '同一个账号允许在不同的手机上同时登录吗？', '信用账户对应银行的券商代码？']",0.996768594,客户编号忘记了如何找回？,0,1
登录不进去账户,如何开户？,"['如何开户？', '同一个账号允许在不同的手机上同时登录吗？', '信用账户销户条件？', '如何注销证券账户？', '如何注销信用账户？']",0.86050868,如何开户？,1,1
可以用交易帐号登录吗,同一个账号允许在不同的手机上同时登录吗？,"['同一个账号允许在不同的手机上同时登录吗？', '信用账户可以交易哪些股票？', '如何查询证券账号？', '手机账号忘记了怎么办', '信用账户可以买入现金类产品吗？']",0.975913286,如何修改账户交易密码？,0,0
怎么看手续费,多少资金能达到多少的佣金？,"['多少资金能达到多少的佣金？', '信用账户的担保品买卖佣金费率与普通账户一致吗？', '如何收取股票交易佣金？', '如何调整佣金费率？', '如何查询佣金费率？']",0.989700079,如何查询佣金费率？,0,1
请问一下，开通深港通必须满足什么条件？,深市港股通开通条件,"['深市港股通开通条件', 'A股和港股的显示颜色有什么区别？', '深港通标的股票范围？', '深港通和沪港通的交易日区别？', '深港通股票交易如何操作？']",0.999206364,深市港股通开通条件,1,1
非标的证券信用账户购买方式是什么？,B股的委托申报方式？,"['B股的委托申报方式？', '新三板转让方式有哪些？', '如何注销三方存管账户？', '信用账户可以买入现金类产品吗？', '信用账户三方存管的银行有哪些？']",0.998678505,信用账户可以购买非标的证券吗？,0,0
为什么我的账户不允许提现,信用账户可以买入现金类产品吗？,"['信用账户可以买入现金类产品吗？', '如何注销证券账户？', '为何账户有资金无法转出？', '同一个账号允许在不同的手机上同时登录吗？', 'A股自助开户时转账失败，如何处理？']",0.988200903,证券转银行为什么转不了？,0,0
如何查询证券账号？,如何注销证券账户？,"['如何注销证券账户？', '如何查询证券账号？', '信用证券账户卡遗失应如何处理？', '如何注销信用账户？', '信用账户持有的股票如何行使投票权？']",0.997240424,如何查询证券账号？,0,1
信用账户可以国债逆回购吗？,信用账户可以参与逆回购吗？,"['信用账户可以参与逆回购吗？', '上交所债券逆回购申报数量要求？', '深交所上市债券实行全价交易有哪些？', '深交所上市债券实行净价交易有哪些？', '上交所逆回购的起点金额？']",0.998415589,信用账户可以参与逆回购吗？,1,1
您好，为什么我的账户资金可用不可取,信用账户可以买入现金类产品吗？,"['信用账户可以买入现金类产品吗？', '信用账户可以参与逆回购吗？', '为何账户有资金无法转出？', '如何注销证券账户？', '信用账户可以购买非标的证券吗？']",0.995892882,为什么资金可用不可取？,0,0
怎么登录账户,如何开户？,"['如何开户？', '同一个账号允许在不同的手机上同时登录吗？', '如何注销证券账户？', '如何注销信用账户？', '手机账号忘记了怎么办']",0.969478548,如何开户？,1,1
开户怎么开户,如何开户？,"['如何开户？', '如何注销证券账户？', '如何注销信用账户？', '信用账户开立后何时生效？', '自助开户后如何补办三方存管？']",0.99482286,如何开户？,1,1
新股申购市值计算中包含我账户基金持仓市值吗？,信用账户新股中签缴款占用了自有资金会影响维持担保比例吗？,"['信用账户新股中签缴款占用了自有资金会影响维持担保比例吗？', '新股中签扣款时对金快线有什么影响？', '新股中签扣款时对现金增利有什么影响？', '新股中签如何缴款？', '如何修改接收新股中签提醒短信的手机号码？']",0.999219418,新股申购的市值计算范围？,0,0
记得交易密码,忘记交易密码怎么办？,"['忘记交易密码怎么办？', '如何修改交易密码', '如何修改账户交易密码？', '深圳证券交易所证券代码编制原则是什么？', '深市A股的增发代码是什么？']",0.999849916,忘记交易密码怎么办？,1,1
我的客户编码忘记了，麻烦告诉一下,深市A股的增发代码是什么？,"['深市A股的增发代码是什么？', '信用账户对应银行的券商代码？', '手机账户密码忘记了怎么办', '如何重置信用账户密码？', '如何修改账户资金密码？']",0.999784052,客户编号忘记了如何找回？,0,0
请问更改第三方存管银行怎么办理,如何更换同一银行的三方存管银行卡？,"['如何更换同一银行的三方存管银行卡？', '自助开户后如何补办三方存管？', '如何注销三方存管账户？', '信用账户三方存管的银行有哪些？', '新三板的投资者有哪些？']",0.999489665,如何更换同一银行的三方存管银行卡？,1,1
创业板能帮开通吗,创业板如何开通,"['创业板如何开通', '开通创业板权限对账户有什么要求？', '创业板权限首次开通？', '创业板权限开通的办理时间', '信用账户与普通账户的创业板权限需单独开立吗？']",0.984531283,创业板如何开通,1,1
我的交易密码忘了,忘记交易密码怎么办？,"['忘记交易密码怎么办？', '如何修改交易密码', '如何修改账户交易密码？', '深圳证券交易所证券代码编制原则是什么？', '忘记资金密码怎么办？']",0.999864578,忘记交易密码怎么办？,1,1
如何交易买卖深市沪港通的股票,A股和港股通退市制度的区别,"['A股和港股通退市制度的区别', '深市港股通有哪些特别风险？', '深港通股票交易如何操作？', '深港通和沪港通的交易日区别？', '深港通标的股票范围？']",0.999313831,深港通股票交易如何操作？,0,1
开户干嘛,如何开户？,"['如何开户？', '如何注销证券账户？', '信用账户开通条件', '如何注销信用账户？', '信用账户开立后何时生效？']",0.992019713,如何开户？,1,1
我的银转证怎么转不了,证券转银行为什么转不了？,"['证券转银行为什么转不了？', '外币证券转银行限额', '银证转账的时间？', '信用账户资金无法转出的原因', '为何账户有资金无法转出？']",0.999101758,证券转银行为什么转不了？,1,1
我的佣金多少,多少资金能达到多少的佣金？,"['多少资金能达到多少的佣金？', '信用账户的担保品买卖佣金费率与普通账户一致吗？', '如何调整佣金费率？', '网上开户佣金是多少？', '如何查询佣金费率？']",0.999495149,多少资金能达到多少的佣金？,1,1
上交所申报债券逆回购时对申报的数量有要求吗,上交所债券逆回购申报数量要求？,"['上交所债券逆回购申报数量要求？', '上交所逆回购的起点金额？', '深交所上市债券实行净价交易有哪些？', '深交所上市债券实行全价交易有哪些？', '深交所逆回购的起点金额？']",0.999049127,上交所债券逆回购申报数量要求？,1,1
忘记交易密码,忘记交易密码怎么办？,"['忘记交易密码怎么办？', '如何修改交易密码', '如何修改账户交易密码？', '深圳证券交易所证券代码编制原则是什么？', '深市A股的增发代码是什么？']",0.999872804,忘记交易密码怎么办？,1,1
开户编号是什么啊,客户编号忘记了如何找回？,"['客户编号忘记了如何找回？', '同一个账号允许在不同的手机上同时登录吗？', '手机账号忘记了怎么办', '信用账户如何操作配售？', '信用账户如何操作配股？']",0.996799588,如何开户？,0,0
你好，我的登陆密码忘记了 交易密码忘记了,忘记交易密码怎么办？,"['忘记交易密码怎么办？', '如何修改交易密码', '如何修改账户交易密码？', '深市A股的增发代码是什么？', '深圳证券交易所证券代码编制原则是什么？']",0.999909997,忘记交易密码怎么办？,1,1
外币证券转银证的每天限额是多少,外币证券转银行限额,"['外币证券转银行限额', '证券转银行为什么转不了？', '银证转账的时间？', '当日卖出股票后可以转出资金吗？', '转账失败的原因？']",0.999457777,外币证券转银行限额,1,1
新三板与地方产权交易市场有什么不同？,新三板与地方产权交易市场的区别？,"['新三板与地方产权交易市场的区别？', '三板交易权限如何取消？', '新三板协议转让有哪些成交情况？', '新三板的投资者有哪些？', '新三板可以做融资融券交易吗？']",0.999639392,新三板与地方产权交易市场的区别？,1,1
基金当天买入当天可以卖出吗,申购基金时发行总数显示为0的原因,"['申购基金时发行总数显示为0的原因', '股票可以当天买入当天卖出吗？', 'ST股票为何无法买入？', '信用账户可以购买ST股票吗？', '如何才可以买股票？']",0.994491816,股票可以当天买入当天卖出吗？,0,1
深交所上市可以进行净价交易的债券有哪些？,深交所上市债券实行净价交易有哪些？,"['深交所上市债券实行净价交易有哪些？', '深交所上市债券实行全价交易有哪些？', '深交所对竞价交易临时停牌有何规定？', '如何修改成本价数值？', '信用账户交易允许市价委托吗？']",0.999847889,深交所上市债券实行净价交易有哪些？,1,1
璐峰浜?,如何开户？,"['如何开户？', 'A股为什么要实行T+1股票交易制度？', '信用账户销户条件？', '信用证券账户卡遗失应如何处理？', 'A股账户销户需由本人亲自办理吗？']",0.173209533,手机账号忘记了怎么办,0,0
明天能银证转账吗,证券转银行为什么转不了？,"['证券转银行为什么转不了？', '外币证券转银行限额', '信用账户资金无法转出的原因', '转账失败的原因？', '银证转账的时间？']",0.998045325,银证转账的时间？,0,1
现在证券不能转银行吗,证券转银行为什么转不了？,"['证券转银行为什么转不了？', '外币证券转银行限额', '银证转账的时间？', '信用账户资金无法转出的原因', '当日卖出股票后可以转出资金吗？']",0.998780906,证券转银行为什么转不了？,1,1
为什么资金转不出来,为何账户有资金无法转出？,"['为何账户有资金无法转出？', '信用账户资金无法转出的原因', '证券转银行为什么转不了？', '转账失败的原因？', '外币证券转银行限额']",0.994255722,为何账户有资金无法转出？,1,1
为什么总说交易密码不对,忘记交易密码怎么办？,"['忘记交易密码怎么办？', '如何修改交易密码', '如何修改账户交易密码？', '深圳证券交易所证券代码编制原则是什么？', '忘记资金密码怎么办？']",0.999820888,忘记交易密码怎么办？,1,1
忘了编号,客户编号忘记了如何找回？,"['客户编号忘记了如何找回？', '手机账号忘记了怎么办', '同一个账号允许在不同的手机上同时登录吗？', '手机账户密码忘记了怎么办', '深圳证券交易所证券代码编制原则是什么？']",0.988908589,手机账号忘记了怎么办,0,1
融资融券账户里面的股票，是不是不能作为新股申购的市值啊,如何修改金融终端个股分时图下方的成交量柱状线的颜色？,"['如何修改金融终端个股分时图下方的成交量柱状线的颜色？', '如何修改金融终端K线图的副图指标参数？', '如何调整融资融券授信额度？', '信用账户可以买入现金类产品吗？', '信用账户可以购买非标的证券吗？']",0.99641031,新股申购的市值计算范围？,0,0
我忘记哪张卡了,手机账号忘记了怎么办,"['手机账号忘记了怎么办', '手机账户密码忘记了怎么办', '忘记资金密码怎么办？', '忘记交易密码怎么办？', '客户编号忘记了如何找回？']",0.991404414,手机账号忘记了怎么办,1,1
在哪调整融资融券授信额度？,如何调整融资融券授信额度？,"['如何调整融资融券授信额度？', '如何修改金融终端K线图的副图指标参数？', '如何修改金融终端个股分时图下方的成交量柱状线的颜色？', '信用账户持有的股票如何行使投票权？', '新三板可以做融资融券交易吗？']",0.999640942,如何调整融资融券授信额度？,1,1
帮我开通创业板,创业板如何开通,"['创业板如何开通', '创业板权限首次开通？', '开通创业板权限对账户有什么要求？', '创业板权限开通的办理时间', '信用账户与普通账户的创业板权限需单独开立吗？']",0.990793526,创业板如何开通,1,1
打新股票名称及申购代码相同吗？,新股的申购代码与证券代码一样吗？,"['新股的申购代码与证券代码一样吗？', '深市A股的增发代码是什么？', '信用账户对应银行的券商代码？', '手机账户密码忘记了怎么办', '如何重置信用账户密码？']",0.999878168,新股的申购代码与证券代码一样吗？,1,1
创业板首次开通必须在柜台吗,创业板如何开通,"['创业板如何开通', '创业板权限首次开通？', '开通创业板权限对账户有什么要求？', '创业板权限开通的办理时间', '信用账户与普通账户的创业板权限需单独开立吗？']",0.987799287,创业板权限首次开通？,0,1
为什么不允许转出资金,为何账户有资金无法转出？,"['为何账户有资金无法转出？', '信用账户资金无法转出的原因', '证券转银行为什么转不了？', '转账失败的原因？', '外币证券转银行限额']",0.993701935,证券转银行为什么转不了？,0,1
股票卖了以后何时能转出资金,当日卖出股票后可以转出资金吗？,"['当日卖出股票后可以转出资金吗？', '为何账户有资金无法转出？', 'A股自助开户时转账失败，如何处理？', 'A股账户如何转户？', '上交所可转债债转股能撤单吗？']",0.998176813,当日卖出股票后可以转出资金吗？,1,1
多家券商间可以使用网下打新资格吗？,网上委托权限如何取消？,"['网上委托权限如何取消？', '上交所股东大会网络投票平台网址？', '网下打新资格是否支持在多家券商间使用？', '网下打新申报数量有什么规定？', '信用账户可以网上开通吗？']",0.994993865,网下打新资格是否支持在多家券商间使用？,0,1
不得交易密a了,如何修改交易密码,"['如何修改交易密码', '忘记交易密码怎么办？', '如何修改账户交易密码？', '忘记资金密码怎么办？', '如何修改账户资金密码？']",0.939871728,忘记交易密码怎么办？,0,1
请问创业板怎样开通,创业板如何开通,"['创业板如何开通', '开通创业板权限对账户有什么要求？', '创业板权限首次开通？', '信用账户与普通账户的创业板权限需单独开立吗？', '创业板权限开通的办理时间']",0.990644574,创业板如何开通,1,1
深交所新股上市首日临时停牌期间能接受委托吗？,深交所新股上市首日临时停牌期间接受委托吗？,"['深交所新股上市首日临时停牌期间接受委托吗？', '上交所新股上市首日临时停牌期间接受委托吗？', '新股上市首日有涨跌幅限制吗？', '深交所对竞价交易临时停牌有何规定？', '新股申购的市值计算范围？']",0.999698997,深交所新股上市首日临时停牌期间接受委托吗？,1,1
请问，怎么开通创业板？,创业板如何开通,"['创业板如何开通', '开通创业板权限对账户有什么要求？', '创业板权限首次开通？', '信用账户与普通账户的创业板权限需单独开立吗？', '创业板权限开通的办理时间']",0.99088949,创业板如何开通,1,1
因为我的账户怎么登陆不上了呢,如何开户？,"['如何开户？', '同一个账号允许在不同的手机上同时登录吗？', '如何注销证券账户？', '如何注销信用账户？', 'A股账户销户有哪些注意事项？']",0.889250815,如何开户？,1,1
为什么证券转银行转不出去？,证券转银行为什么转不了？,"['证券转银行为什么转不了？', '外币证券转银行限额', '银证转账的时间？', '为何账户有资金无法转出？', '信用账户资金无法转出的原因']",0.999669909,证券转银行为什么转不了？,1,1
证卷转银行怎么转不了,证券转银行为什么转不了？,"['证券转银行为什么转不了？', '外币证券转银行限额', '银证转账的时间？', '信用账户资金无法转出的原因', '为何账户有资金无法转出？']",0.999345124,证券转银行为什么转不了？,1,1
交易密码错误如何修改呢？,如何修改交易密码,"['如何修改交易密码', '如何修改账户交易密码？', '忘记交易密码怎么办？', '深圳证券交易所证券代码编制原则是什么？', '深市A股的增发代码是什么？']",0.999904275,如何修改交易密码,1,1
为什么资金转不出来？,为何账户有资金无法转出？,"['为何账户有资金无法转出？', '信用账户资金无法转出的原因', '证券转银行为什么转不了？', '转账失败的原因？', '外币证券转银行限额']",0.994255722,为何账户有资金无法转出？,1,1
请问我手续费是多少,网上开户佣金是多少？,"['网上开户佣金是多少？', '多少资金能达到多少的佣金？', '信用账户的担保品买卖佣金费率与普通账户一致吗？', '如何收取股票交易佣金？', '如何调整佣金费率？']",0.992697537,多少资金能达到多少的佣金？,0,1
ST股票为何无法买入？,ST股票为何无法买入？,"['ST股票为何无法买入？', '上海ST、*ST股的交易规则？', '信用账户可以购买ST股票吗？', 'A股为什么要实行T+1股票交易制度？', 'B股实行T+0回转交易吗？']",0.999499559,ST股票为何无法买入？,1,1
交易密码如何修改,如何修改交易密码,"['如何修改交易密码', '如何修改账户交易密码？', '忘记交易密码怎么办？', '深圳证券交易所证券代码编制原则是什么？', '如何修改账户资金密码？']",0.999897122,如何修改交易密码,1,1
帐号忘记了,手机账号忘记了怎么办,"['手机账号忘记了怎么办', '客户编号忘记了如何找回？', '同一个账号允许在不同的手机上同时登录吗？', '手机账户密码忘记了怎么办', '信用账户对应银行的券商代码？']",0.986091316,手机账号忘记了怎么办,1,1
我好像忘记自己的登录密码了,手机账户密码忘记了怎么办,"['手机账户密码忘记了怎么办', '忘记资金密码怎么办？', '如何修改账户资金密码？', '忘记交易密码怎么办？', '如何修改交易密码']",0.999605119,手机账户密码忘记了怎么办,1,1
您好，中了新股后要自己缴款吗？,新股中签扣款时对现金增利有什么影响？,"['新股中签扣款时对现金增利有什么影响？', '信用账户新股中签缴款占用了自有资金会影响维持担保比例吗？', '新股中签如何缴款？', '新股申购有数量要求吗？', '新股中签扣款时对金快线有什么影响？']",0.999078751,新股中签如何缴款？,0,1
.股票的交易时间,股票的交易时间？,"['股票的交易时间？', '如何交易股票？', '上海B股需要指定交易吗？', '上海ST、*ST股的交易规则？', '深圳大宗交易的成交确认时间？']",0.937235057,股票的交易时间？,1,1
我怎么查找股票账户,A股账户销户有哪些注意事项？,"['A股账户销户有哪些注意事项？', '信用账户持有的股票如何行使投票权？', '如何注销证券账户？', '如何注销信用账户？', 'A股账户销户需由本人亲自办理吗？']",0.981549978,如何查询证券账号？,0,0
申购新股时对数量有要求吗,新股申购的条件？,"['新股申购的条件？', '新股申购有数量要求吗？', '新股申购数量上限', '网下打新申报数量有什么规定？', '深圳市场的新股配号为何有小数点？']",0.994992912,新股申购有数量要求吗？,0,1
怎么开通创业板帐户,创业板如何开通,"['创业板如何开通', '开通创业板权限对账户有什么要求？', '信用账户与普通账户的创业板权限需单独开立吗？', '创业板权限首次开通？', '创业板权限开通的办理时间']",0.988235474,创业板如何开通,1,1
我的账号怎么开通创业板,创业板如何开通,"['创业板如何开通', '开通创业板权限对账户有什么要求？', '信用账户与普通账户的创业板权限需单独开立吗？', '创业板权限首次开通？', '创业板权限开通的办理时间']",0.987751722,创业板如何开通,1,1
300开头的是创业版吧？怎么开通,创业板如何开通,"['创业板如何开通', '如何转让中小企业私募债券？', '如何开户？', '开通创业板权限对账户有什么要求？', '创业板权限首次开通？']",0.871328533,创业板如何开通,1,1
股票不可以直接卖出嘛？,股票可以当天买入当天卖出吗？,"['股票可以当天买入当天卖出吗？', '如何才可以买股票？', '当日卖出股票后可以转出资金吗？', '信用账户可以交易哪些股票？', '申报深市股票委托时，提示：证券账户无效，该如何处理？']",0.924459338,如何才可以买股票？,0,1
这只股今天适合买入吗？,股票可以当天买入当天卖出吗？,"['股票可以当天买入当天卖出吗？', '如何才可以买股票？', 'ST股票为何无法买入？', '当日卖出股票后可以转出资金吗？', '如何交易股票？']",0.944788098,股票可以当天买入当天卖出吗？,1,1
银证转帐周末可以吗？,证券转银行为什么转不了？,"['证券转银行为什么转不了？', '外币证券转银行限额', '银证转账的时间？', '当日卖出股票后可以转出资金吗？', '信用账户资金无法转出的原因']",0.998578191,银证转账的时间？,0,1
我的ぬ和密a忘了,忘记资金密码怎么办？,"['忘记资金密码怎么办？', '忘记交易密码怎么办？', '手机账户密码忘记了怎么办', '如何修改账户资金密码？', '如何修改交易密码']",0.990280092,手机账户密码忘记了怎么办,0,1
怎么开通创业板啊,创业板如何开通,"['创业板如何开通', '开通创业板权限对账户有什么要求？', '创业板权限首次开通？', '信用账户与普通账户的创业板权限需单独开立吗？', '创业板权限开通的办理时间']",0.991479337,创业板如何开通,1,1
如何查询申购费率,如何查询佣金费率？,"['如何查询佣金费率？', '如何收取股票交易佣金？', '如何调整佣金费率？', '多少资金能达到多少的佣金？', '网上开户佣金是多少？']",0.992942095,如何查询佣金费率？,1,1
请问为什么不能申购新股？说我不符合条件,新股申购的条件？,"['新股申购的条件？', '新股申购有数量要求吗？', '新股申购的市值计算范围？', '网下打新申报数量有什么规定？', '新股申购可以撤单吗？']",0.997299731,新股申购的条件？,1,1
当天买入股票当天可以卖吗,股票可以当天买入当天卖出吗？,"['股票可以当天买入当天卖出吗？', '如何才可以买股票？', '当日卖出股票后可以转出资金吗？', 'ST股票为何无法买入？', '信用账户可以交易哪些股票？']",0.985834658,股票可以当天买入当天卖出吗？,1,1
转不出来钱了,为何账户有资金无法转出？,"['为何账户有资金无法转出？', '信用账户资金无法转出的原因', 'A股自助开户时转账失败，如何处理？', 'A股账户如何转户？', '上交所可转债债转股能撤单吗？']",0.992524981,为何账户有资金无法转出？,1,1
你好怎么不能转钱出来,为何账户有资金无法转出？,"['为何账户有资金无法转出？', '信用账户资金无法转出的原因', 'A股自助开户时转账失败，如何处理？', '当日卖出股票后可以转出资金吗？', 'A股账户如何转户？']",0.992208838,为何账户有资金无法转出？,1,1
当日卖股票后可以转出资金吗？,当日卖出股票后可以转出资金吗？,"['当日卖出股票后可以转出资金吗？', '为何账户有资金无法转出？', '上交所可转债债转股能撤单吗？', '深交所转股申报当日如何撤销？', 'A股自助开户时转账失败，如何处理？']",0.999494433,当日卖出股票后可以转出资金吗？,1,1
当日卖出的股票资金转出，总是提示没有可用余额，什么原因,当日卖出股票后可以转出资金吗？,"['当日卖出股票后可以转出资金吗？', '为何账户有资金无法转出？', '上交所可转债债转股能撤单吗？', '深交所转股申报当日如何撤销？', '银证转账的时间？']",0.996430695,当日卖出股票后可以转出资金吗？,1,1
我怎么不能买ST黑豹的股票了？,ST股票为何无法买入？,"['ST股票为何无法买入？', '上海ST、*ST股的交易规则？', '信用账户可以购买ST股票吗？', 'A股为什么要实行T+1股票交易制度？', 'B股实行T+0回转交易吗？']",0.999476969,ST股票为何无法买入？,1,1
怎么撤销当日的深交所转股申报?,深交所转股申报当日如何撤销？,"['深交所转股申报当日如何撤销？', '上交所可转债债转股能撤单吗？', '当日卖出股票后可以转出资金吗？', 'B股实行T+0回转交易吗？', '深交所上市债券实行净价交易有哪些？']",0.99977237,深交所转股申报当日如何撤销？,1,1
我的什么时候可以交易？,信用账户可以交易哪些股票？,"['信用账户可以交易哪些股票？', '退市股票可以交易吗？', '深交所对竞价交易临时停牌有何规定？', '申报深市股票委托时，提示：证券账户无效，该如何处理？', '申购基金时发行总数显示为0的原因']",0.696278214,股票的交易时间？,0,0
客户编号和交易密码都忘了,忘记交易密码怎么办？,"['忘记交易密码怎么办？', '如何修改账户交易密码？', '如何修改交易密码', '深圳证券交易所证券代码编制原则是什么？', '手机账户密码忘记了怎么办']",0.999787629,忘记交易密码怎么办？,1,1
清明节后什么时候股票开始交易,A股自助开户时转账失败，如何处理？,"['A股自助开户时转账失败，如何处理？', '如何交易股票？', '如何才可以买股票？', '上海B股需要指定交易吗？', '申报深市股票委托时，提示：证券账户无效，该如何处理？']",0.86589998,股票的交易时间？,0,0
怎样处理申报深市股票委托时，提示：证券账户无效,申报深市股票委托时，提示：证券账户无效，该如何处理？,"['申报深市股票委托时，提示：证券账户无效，该如何处理？', '深圳大宗交易的成交确认时间？', '深圳市场大宗交易的条件？', '深交所上市债券实行全价交易有哪些？', '深交所上市债券实行净价交易有哪些？']",0.998657107,申报深市股票委托时，提示：证券账户无效，该如何处理？,1,1
你好，这个可以自己开户的吗,如何开户？,"['如何开户？', '信用账户可以网上开通吗？', '信用账户可以买入现金类产品吗？', '信用账户可以购买非标的证券吗？', '信用证券账户卡遗失应如何处理？']",0.979832292,如何开户？,1,1
为什么我的资金转出银行卡失败,为何账户有资金无法转出？,"['为何账户有资金无法转出？', '证券转银行为什么转不了？', '外币证券转银行限额', '信用账户资金无法转出的原因', '转账失败的原因？']",0.993260324,证券转银行为什么转不了？,0,1
亲你好！我把登录密码忘记了,手机账户密码忘记了怎么办,"['手机账户密码忘记了怎么办', '忘记资金密码怎么办？', '如何修改账户资金密码？', '忘记交易密码怎么办？', '如何修改交易密码']",0.999788463,手机账户密码忘记了怎么办,1,1
新三板有哪几种转让途径啊,新三板协议转让有哪些成交情况？,"['新三板协议转让有哪些成交情况？', '新三板股票协议转让的申报类型？', '新三板转让方式有哪些？', '新三板做市转让的申报规则？', '新三板的投资者有哪些？']",0.999708474,新三板转让方式有哪些？,0,1
交易密码忘记了如何找回,如何修改交易密码,"['如何修改交易密码', '忘记交易密码怎么办？', '如何修改账户交易密码？', '深圳证券交易所证券代码编制原则是什么？', '如何修改账户资金密码？']",0.999825418,忘记交易密码怎么办？,0,1
创业板开通谢谢,创业板如何开通,"['创业板如何开通', '开通创业板权限对账户有什么要求？', '创业板权限首次开通？', '信用账户与普通账户的创业板权限需单独开立吗？', '创业板权限开通的办理时间']",0.992650449,创业板如何开通,1,1
钱为什么转不出来,为何账户有资金无法转出？,"['为何账户有资金无法转出？', '信用账户资金无法转出的原因', 'A股自助开户时转账失败，如何处理？', 'A股账户如何转户？', '当日卖出股票后可以转出资金吗？']",0.993991196,为何账户有资金无法转出？,1,1
股票交易密码忘了？,忘记交易密码怎么办？,"['忘记交易密码怎么办？', '如何修改交易密码', '深圳证券交易所证券代码编制原则是什么？', '如何修改账户交易密码？', '深市A股的增发代码是什么？']",0.999839067,忘记交易密码怎么办？,1,1
为啥钱转不出来,为何账户有资金无法转出？,"['为何账户有资金无法转出？', '信用账户资金无法转出的原因', 'A股自助开户时转账失败，如何处理？', 'A股账户如何转户？', '当日卖出股票后可以转出资金吗？']",0.993447125,为何账户有资金无法转出？,1,1
新股购买有什么要求啊,新股申购的条件？,"['新股申购的条件？', '新股申购有数量要求吗？', '网下打新申报数量有什么规定？', '网下打新申报价格有什么规定？', '网下申购新股所得的股份有锁定期吗？']",0.995922923,新股申购的条件？,1,1
我创业板的权限怎么转签不过来呢,创业板权限转签如何操作？,"['创业板权限转签如何操作？', '三板交易权限如何取消？', '信用账户与普通账户的创业板权限需单独开立吗？', '如何转让中小企业私募债券？', '新三板与地方产权交易市场的区别？']",0.999432027,创业板权限转签如何操作？,1,1
修改交易密码的操作流程是怎样的呢,如何修改交易密码,"['如何修改交易密码', '如何修改账户交易密码？', '忘记交易密码怎么办？', '深市A股的增发代码是什么？', '忘记资金密码怎么办？']",0.999858737,如何修改账户交易密码？,0,1
新三板协议转让有没有成交情况？,新三板协议转让有哪些成交情况？,"['新三板协议转让有哪些成交情况？', '新三板转让方式有哪些？', '新三板股票协议转让的申报类型？', '新三板做市转让的申报规则？', '新三板的投资者有哪些？']",0.999845266,新三板协议转让有哪些成交情况？,1,1
现在开户的费用多少？,网上开户佣金是多少？,"['网上开户佣金是多少？', '信用账户的担保品买卖佣金费率与普通账户一致吗？', 'A股开户是否收费？', '多少资金能达到多少的佣金？', '如何收取股票交易佣金？']",0.996624351,网上开户佣金是多少？,1,1
为什么资金转不了银行？,为何账户有资金无法转出？,"['为何账户有资金无法转出？', '证券转银行为什么转不了？', '外币证券转银行限额', '信用账户资金无法转出的原因', '转账失败的原因？']",0.988304853,证券转银行为什么转不了？,0,1
麻烦问一下，怎样开通创业板,创业板如何开通,"['创业板如何开通', '开通创业板权限对账户有什么要求？', '创业板权限首次开通？', '创业板权限开通的办理时间', '信用账户与普通账户的创业板权限需单独开立吗？']",0.992120981,创业板如何开通,1,1
我只有资金账号忘记密码怎么办？,手机账户密码忘记了怎么办,"['手机账户密码忘记了怎么办', '忘记资金密码怎么办？', '如何修改账户资金密码？', '如何重置信用账户密码？', '忘记交易密码怎么办？']",0.999943614,忘记资金密码怎么办？,0,1
仙鹤股份申购条件,新股申购的条件？,"['新股申购的条件？', '申购基金时发行总数显示为0的原因', '网下申购新股所得的股份有锁定期吗？', '上交所债券逆回购申报数量要求？', '深交所配股认购名称的编制原则？']",0.896075487,新股申购的条件？,1,1
资金转入失败怎么回事,B股实行T+0回转交易吗？,"['B股实行T+0回转交易吗？', '信用账户资金无法转出的原因', '转账失败的原因？', '证券转银行为什么转不了？', '为何账户有资金无法转出？']",0.997034907,为何账户有资金无法转出？,0,1
请问一下，申购的新股当天没有配号吗？,申购新股后为何查询不到配号？,"['申购新股后为何查询不到配号？', '新股申购的配号规则？', '深圳市场的新股配号为何有小数点？', '如何通过电话委托查询新股申购配号？', '新股申购有数量要求吗？']",0.999652743,申购新股后为何查询不到配号？,1,1
网上开户佣金多少,网上开户佣金是多少？,"['网上开户佣金是多少？', '如何查询佣金费率？', '如何调整佣金费率？', '信用账户的担保品买卖佣金费率与普通账户一致吗？', '多少资金能达到多少的佣金？']",0.99986136,网上开户佣金是多少？,1,1
我原来在别的地方有帐户，应该选新开户还是转户,自助开户后如何补办三方存管？,"['自助开户后如何补办三方存管？', 'A股账户销户有哪些注意事项？', '如何注销三方存管账户？', 'B股的委托申报方式？', '信用账户三方存管的银行有哪些？']",0.983288944,A股账户如何转户？,0,0
交易股票怎么收费的,如何收取股票交易佣金？,"['如何收取股票交易佣金？', '股票交易费用', 'A股开户是否收费？', '信用账户的担保品买卖佣金费率与普通账户一致吗？', '上交所债券的费用有哪些？']",0.996472657,股票交易费用,0,1
忘了交易密码，怎么办,忘记交易密码怎么办？,"['忘记交易密码怎么办？', '如何修改交易密码', '如何修改账户交易密码？', '忘记资金密码怎么办？', '深圳证券交易所证券代码编制原则是什么？']",0.99995172,忘记交易密码怎么办？,1,1
创业板交易权限如何申请,创业板权限首次开通？,"['创业板权限首次开通？', '创业板权限转签如何操作？', '三板交易权限如何取消？', '网上委托权限如何取消？', '开通创业板权限对账户有什么要求？']",0.986305952,创业板权限首次开通？,1,1
你好，申购新股有什么条件吗？为什么说我的份额不足？,新股申购的条件？,"['新股申购的条件？', '网下打新申报数量有什么规定？', '新股申购有数量要求吗？', '网下打新申报价格有什么规定？', '新股上市首日有涨跌幅限制吗？']",0.998562396,新股申购的条件？,1,1
我只有资金账号忘记密码怎么办？,手机账户密码忘记了怎么办,"['手机账户密码忘记了怎么办', '忘记资金密码怎么办？', '如何修改账户资金密码？', '如何重置信用账户密码？', '忘记交易密码怎么办？']",0.999943614,忘记资金密码怎么办？,0,1
股票的交易时间？,股票的交易时间？,"['股票的交易时间？', '如何交易股票？', '上海ST、*ST股的交易规则？', '上海B股需要指定交易吗？', '深圳大宗交易的成交确认时间？']",0.940284789,股票的交易时间？,1,1
新股的网下申购，需要什么条件,新股申购的条件？,"['新股申购的条件？', '新股申购有数量要求吗？', '网下打新申报数量有什么规定？', '网下打新申报价格有什么规定？', '网下打新的备案条件？']",0.999019146,网下打新的备案条件？,0,1
打新股条件,新股申购的条件？,"['新股申购的条件？', '网下打新申报数量有什么规定？', '网下打新的备案条件？', '网下打新资格是否支持在多家券商间使用？', '申购新股后为何查询不到配号？']",0.997774422,新股申购的条件？,1,1
当天卖出的钱，能提现到银行卡吗,如何更换银行卡？,"['如何更换银行卡？', '如何绑定多张银行卡？', '信用账户对应银行的券商代码？', '信用账户三方存管的银行有哪些？', '信用证券账户卡遗失应如何处理？']",0.990016162,当日卖出股票后可以转出资金吗？,0,0
你好 我怎么看佣金费率,信用账户的担保品买卖佣金费率与普通账户一致吗？,"['信用账户的担保品买卖佣金费率与普通账户一致吗？', '如何查询佣金费率？', '多少资金能达到多少的佣金？', '如何调整佣金费率？', '如何收取股票交易佣金？']",0.999588311,如何查询佣金费率？,0,1
信用账户可以交易的股票类型,信用账户可以交易哪些股票？,"['信用账户可以交易哪些股票？', '信用账户可以购买ST股票吗？', '信用账户可以参与逆回购吗？', '信用证券账户卡遗失应如何处理？', '信用账户可以购买非标的证券吗？']",0.996656418,信用账户可以交易哪些股票？,1,1
深港通标的股票的范围有哪些,深港通标的股票范围？,"['深港通标的股票范围？', '深港通股票为A+H股的，A股停牌与H股停牌是否同步？', '深市港股通有哪些特别风险？', 'A股和港股的显示颜色有什么区别？', '深港通和沪港通的交易日区别？']",0.999498487,深港通标的股票范围？,1,1
信用交易密码忘记,如何修改账户交易密码？,"['如何修改账户交易密码？', '忘记交易密码怎么办？', '深圳证券交易所证券代码编制原则是什么？', '如何修改交易密码', '深市A股的增发代码是什么？']",0.999649048,忘记交易密码怎么办？,0,1
帮我看看，为何不能转账回银行,转账失败的原因？,"['转账失败的原因？', '为何账户有资金无法转出？', 'B股实行T+0回转交易吗？', '信用账户资金无法转出的原因', 'A股账户如何转户？']",0.997612596,证券转银行为什么转不了？,0,0
资金可取,为什么资金可用不可取？,"['为什么资金可用不可取？', '信用账户资金无法转出的原因', '为何账户有资金无法转出？', '忘记资金密码怎么办？', '多少资金能达到多少的佣金？']",0.91656369,为什么资金可用不可取？,1,1
点解转不出资金的,为何账户有资金无法转出？,"['为何账户有资金无法转出？', '信用账户资金无法转出的原因', '证券转银行为什么转不了？', '转账失败的原因？', '外币证券转银行限额']",0.991173208,为何账户有资金无法转出？,1,1
登录失败是什么原因,同一个账号允许在不同的手机上同时登录吗？,"['同一个账号允许在不同的手机上同时登录吗？', '深圳证券交易所证券代码编制原则是什么？', '信用账户资金无法转出的原因', '手机账户密码忘记了怎么办', '信用证券账户卡遗失应如何处理？']",0.202808961,转账失败的原因？,0,0
我在申购基金时，为啥系统提示我发行总数为0啊？,申购基金时发行总数显示为0的原因,"['申购基金时发行总数显示为0的原因', '上交所逆回购的起点金额？', '信用账户可以购买ST股票吗？', '深交所逆回购的起点金额？', '上交所债券逆回购申报数量要求？']",0.99913615,申购基金时发行总数显示为0的原因,1,1
为什么我的资金无法转出,为何账户有资金无法转出？,"['为何账户有资金无法转出？', '信用账户资金无法转出的原因', '证券转银行为什么转不了？', '转账失败的原因？', '当日卖出股票后可以转出资金吗？']",0.995507121,为何账户有资金无法转出？,1,1
请问开通创业板要怎么开,创业板如何开通,"['创业板如何开通', '开通创业板权限对账户有什么要求？', '创业板权限首次开通？', '创业板权限开通的办理时间', '信用账户与普通账户的创业板权限需单独开立吗？']",0.991942763,创业板如何开通,1,1
我登陆密码忘记了怎么办,手机账户密码忘记了怎么办,"['手机账户密码忘记了怎么办', '忘记资金密码怎么办？', '如何修改账户资金密码？', '忘记交易密码怎么办？', '如何重置信用账户密码？']",0.999884605,手机账户密码忘记了怎么办,1,1
你好，我想开户,如何开户？,"['如何开户？', '如何注销证券账户？', '如何注销信用账户？', '信用账户开通条件', '信用账户开立后何时生效？']",0.993148625,如何开户？,1,1
以前开的户还能用吗,如何开户？,"['如何开户？', '信用账户开立后何时生效？', '信用账户可以操作要约收购吗？', '信用证券账户卡遗失应如何处理？', 'A股自助开户时转账失败，如何处理？']",0.944204986,如何开户？,1,1
我的手续费是多少？,多少资金能达到多少的佣金？,"['多少资金能达到多少的佣金？', '信用账户的担保品买卖佣金费率与普通账户一致吗？', '如何收取股票交易佣金？', '如何调整佣金费率？', 'A股开户是否收费？']",0.992848516,多少资金能达到多少的佣金？,1,1
我的账户打不开啊,如何开户？,"['如何开户？', '如何注销证券账户？', '如何注销信用账户？', '信用账户销户条件？', '同一个账号允许在不同的手机上同时登录吗？']",0.982989252,如何开户？,1,1
如何开通创业版,创业板如何开通,"['创业板如何开通', '开通创业板权限对账户有什么要求？', '如何开户？', '自助开户后如何补办三方存管？', '创业板权限首次开通？']",0.988192141,创业板如何开通,1,1
新三板可以交易融资融券吗？,新三板可以做融资融券交易吗？,"['新三板可以做融资融券交易吗？', '新三板与地方产权交易市场的区别？', '新三板协议转让有哪些成交情况？', '新三板的投资者有哪些？', '新三板股票协议转让的申报类型？']",0.999822557,新三板可以做融资融券交易吗？,1,1
如何修改资金账号,如何修改账户资金密码？,"['如何修改账户资金密码？', '为何账户有资金无法转出？', '信用证券账户卡遗失应如何处理？', '如何注销证券账户？', '信用账户资金无法转出的原因']",0.987400711,如何修改账户资金密码？,1,1
忘记了交易密码怎么办,忘记交易密码怎么办？,"['忘记交易密码怎么办？', '如何修改交易密码', '如何修改账户交易密码？', '忘记资金密码怎么办？', '深圳证券交易所证券代码编制原则是什么？']",0.999945998,忘记交易密码怎么办？,1,1
上交所债券的费用类型？,上交所债券的费用有哪些？,"['上交所债券的费用有哪些？', '深交所上市债券实行净价交易有哪些？', '深交所上市债券实行全价交易有哪些？', '如何收取股票交易佣金？', '上交所可转债债转股能撤单吗？']",0.9980281,上交所债券的费用有哪些？,1,1
证券转银行怎么转不了,证券转银行为什么转不了？,"['证券转银行为什么转不了？', '外币证券转银行限额', '银证转账的时间？', '信用账户资金无法转出的原因', '为何账户有资金无法转出？']",0.999419093,证券转银行为什么转不了？,1,1
我的股票佣金,信用账户的担保品买卖佣金费率与普通账户一致吗？,"['信用账户的担保品买卖佣金费率与普通账户一致吗？', '如何收取股票交易佣金？', '多少资金能达到多少的佣金？', '如何查询佣金费率？', '如何调整佣金费率？']",0.999436319,如何收取股票交易佣金？,0,1
你好，为什么我的钱转不进去,为何账户有资金无法转出？,"['为何账户有资金无法转出？', '当日卖出股票后可以转出资金吗？', '信用账户资金无法转出的原因', '证券转银行为什么转不了？', 'A股自助开户时转账失败，如何处理？']",0.992138922,为何账户有资金无法转出？,1,1
今天不能银证转账？,外币证券转银行限额,"['外币证券转银行限额', '信用账户资金无法转出的原因', '证券转银行为什么转不了？', '转账失败的原因？', '银证转账的时间？']",0.998085499,银证转账的时间？,0,1
手机上如何开通A股？,同一个账号允许在不同的手机上同时登录吗？,"['同一个账号允许在不同的手机上同时登录吗？', '手机账号忘记了怎么办', '如何开户？', 'A股自助开户时转账失败，如何处理？', '自助开户后如何补办三方存管？']",0.986263752,如何开户？,0,1
这个佣金是多少,多少资金能达到多少的佣金？,"['多少资金能达到多少的佣金？', '信用账户的担保品买卖佣金费率与普通账户一致吗？', '如何调整佣金费率？', '网上开户佣金是多少？', '如何查询佣金费率？']",0.99955827,多少资金能达到多少的佣金？,1,1
银证转账的时间?,银证转账的时间？,"['银证转账的时间？', '外币证券转银行限额', '信用账户资金无法转出的原因', '证券转银行为什么转不了？', '转账失败的原因？']",0.999069989,银证转账的时间？,1,1
忘记交易密码该怎么弄,忘记交易密码怎么办？,"['忘记交易密码怎么办？', '如何修改交易密码', '如何修改账户交易密码？', '深圳证券交易所证券代码编制原则是什么？', '深市A股的增发代码是什么？']",0.999887586,忘记交易密码怎么办？,1,1
交易费用,如何收取股票交易佣金？,"['如何收取股票交易佣金？', '股票交易费用', '多少资金能达到多少的佣金？', '上交所债券的费用有哪些？', '信用账户的担保品买卖佣金费率与普通账户一致吗？']",0.989287376,股票交易费用,0,1
深交所有哪些上市债券是实行全价交易的？,深交所上市债券实行全价交易有哪些？,"['深交所上市债券实行全价交易有哪些？', '深交所上市债券实行净价交易有哪些？', '深交所对竞价交易临时停牌有何规定？', '上交所可转债债转股能撤单吗？', '深交所转股申报当日如何撤销？']",0.999687076,深交所上市债券实行全价交易有哪些？,1,1
有账户了怎么登录啊,如何开户？,"['如何开户？', '如何注销证券账户？', '如何注销信用账户？', 'A股账户销户有哪些注意事项？', '同一个账号允许在不同的手机上同时登录吗？']",0.98527205,如何开户？,1,1
忘记交易密码怎么办,忘记交易密码怎么办？,"['忘记交易密码怎么办？', '如何修改交易密码', '如何修改账户交易密码？', '忘记资金密码怎么办？', '深圳证券交易所证券代码编制原则是什么？']",0.999945998,忘记交易密码怎么办？,1,1
为什么证券转银行不成功,证券转银行为什么转不了？,"['证券转银行为什么转不了？', '外币证券转银行限额', '银证转账的时间？', '当日卖出股票后可以转出资金吗？', '信用账户资金无法转出的原因']",0.998701096,证券转银行为什么转不了？,1,1
你好，怎么知道你们的手续费怎么收我的,多少资金能达到多少的佣金？,"['多少资金能达到多少的佣金？', '如何收取股票交易佣金？', '网上开户佣金是多少？', '如何调整佣金费率？', '信用账户的担保品买卖佣金费率与普通账户一致吗？']",0.994544983,如何查询佣金费率？,0,0
今天证卷转银行转不了吗,证券转银行为什么转不了？,"['证券转银行为什么转不了？', '外币证券转银行限额', '银证转账的时间？', '信用账户资金无法转出的原因', '为何账户有资金无法转出？']",0.998875201,证券转银行为什么转不了？,1,1
什么时候能进行交易,深交所对竞价交易临时停牌有何规定？,"['深交所对竞价交易临时停牌有何规定？', '申购基金时发行总数显示为0的原因', '申报深市股票委托时，提示：证券账户无效，该如何处理？', 'A股自助开户时转账失败，如何处理？', '上海ST、*ST股的交易规则？']",0.653674603,股票的交易时间？,0,0
网下申购新股所得股份的锁定期是多久?还是已经取消了？,网下申购新股所得的股份有锁定期吗？,"['网下申购新股所得的股份有锁定期吗？', '新股中签后股份何时上市？', '网下打新申报数量有什么规定？', '网下打新申报价格有什么规定？', '新股上市首日有涨跌幅限制吗？']",0.999661922,网下申购新股所得的股份有锁定期吗？,1,1
已经退市的股票是不是就不能用于交易了,退市股票可以交易吗？,"['退市股票可以交易吗？', '申报深市股票委托时，提示：证券账户无效，该如何处理？', '如何才可以买股票？', '深圳市场大宗交易的条件？', '新股上市首日有涨跌幅限制吗？']",0.983636916,退市股票可以交易吗？,1,1
沪市逆回购的起点要求有哪些？,上交所债券逆回购申报数量要求？,"['上交所债券逆回购申报数量要求？', '上交所逆回购的起点金额？', '深交所逆回购的起点金额？', '信用账户可以操作要约收购吗？', '信用账户可以参与逆回购吗？']",0.999336064,上交所逆回购的起点金额？,0,1
你好我想开户,如何开户？,"['如何开户？', '如何注销证券账户？', '如何注销信用账户？', '信用账户开通条件', '信用账户开立后何时生效？']",0.993148625,如何开户？,1,1
通过信用账户操作配股的具体流程,信用账户如何操作配售？,"['信用账户如何操作配售？', '信用账户如何操作配股？', '如何通过电话委托查询新股申购配号？', '申购新股后为何查询不到配号？', '深交所配股认购名称的编制原则？']",0.998787105,信用账户如何操作配股？,0,1
如何开通创业板帐号,创业板如何开通,"['创业板如何开通', '开通创业板权限对账户有什么要求？', '创业板权限首次开通？', '自助开户后如何补办三方存管？', '信用账户与普通账户的创业板权限需单独开立吗？']",0.995412886,创业板如何开通,1,1
怎我帐号登录不上,同一个账号允许在不同的手机上同时登录吗？,"['同一个账号允许在不同的手机上同时登录吗？', '手机账号忘记了怎么办', '如何查询证券账号？', '如何开户？', '客户编号忘记了如何找回？']",0.987907112,如何开户？,0,1
为什么登陆不上账号,如何开户？,"['如何开户？', '同一个账号允许在不同的手机上同时登录吗？', '手机账号忘记了怎么办', '如何注销证券账户？', '如何查询证券账号？']",0.763086617,如何开户？,1,1
深交所逆回购的起点是多少？,深交所逆回购的起点金额？,"['深交所逆回购的起点金额？', '上交所逆回购的起点金额？', '上交所债券逆回购申报数量要求？', '信用账户可以参与逆回购吗？', '深交所上市债券实行净价交易有哪些？']",0.997805774,深交所逆回购的起点金额？,1,1
我的账号为什么登录不上了呢,如何开户？,"['如何开户？', '同一个账号允许在不同的手机上同时登录吗？', '手机账号忘记了怎么办', '如何注销证券账户？', '如何查询证券账号？']",0.723979533,如何开户？,1,1
我的帐户转不出资金,为何账户有资金无法转出？,"['为何账户有资金无法转出？', '信用账户资金无法转出的原因', 'A股自助开户时转账失败，如何处理？', 'A股账户如何转户？', '证券转银行为什么转不了？']",0.997851968,为何账户有资金无法转出？,1,1
我的账户里的现金怎么转不出来,为何账户有资金无法转出？,"['为何账户有资金无法转出？', 'A股账户如何转户？', 'A股自助开户时转账失败，如何处理？', '信用账户资金无法转出的原因', '转账失败的原因？']",0.998860121,为何账户有资金无法转出？,1,1
为什么银行转证券转不了呢？,证券转银行为什么转不了？,"['证券转银行为什么转不了？', '外币证券转银行限额', '银证转账的时间？', '信用账户资金无法转出的原因', '当日卖出股票后可以转出资金吗？']",0.999424219,证券转银行为什么转不了？,1,1
请问，我从证券上转到银行卡里怎么转不出去,证券转银行为什么转不了？,"['证券转银行为什么转不了？', '外币证券转银行限额', '银证转账的时间？', '为何账户有资金无法转出？', '信用账户资金无法转出的原因']",0.999050796,证券转银行为什么转不了？,1,1
找回客户编号,客户编号忘记了如何找回？,"['客户编号忘记了如何找回？', '同一个账号允许在不同的手机上同时登录吗？', 'B股实行T+0回转交易吗？', '信用账户可以参与逆回购吗？', '新股申购的回拨机制？']",0.997494578,客户编号忘记了如何找回？,1,1
我的户头为什么买不了ST，*ST的股票。,ST股票为何无法买入？,"['ST股票为何无法买入？', '上海ST、*ST股的交易规则？', '信用账户可以购买ST股票吗？', 'A股为什么要实行T+1股票交易制度？', 'B股实行T+0回转交易吗？']",0.999239683,ST股票为何无法买入？,1,1
请问开户手续费多少？,网上开户佣金是多少？,"['网上开户佣金是多少？', '信用账户的担保品买卖佣金费率与普通账户一致吗？', 'A股开户是否收费？', '多少资金能达到多少的佣金？', '如何调整佣金费率？']",0.998273373,网上开户佣金是多少？,1,1
如何修改账户资金密码？,如何修改账户资金密码？,"['如何修改账户资金密码？', '如何重置信用账户密码？', '手机账户密码忘记了怎么办', '忘记资金密码怎么办？', '如何修改账户交易密码？']",0.999902368,如何修改账户资金密码？,1,1
你好，登录密码忘了怎么办,手机账户密码忘记了怎么办,"['手机账户密码忘记了怎么办', '忘记资金密码怎么办？', '如何修改账户资金密码？', '忘记交易密码怎么办？', '如何重置信用账户密码？']",0.999882579,手机账户密码忘记了怎么办,1,1
如何申请调整佣金？,如何调整佣金费率？,"['如何调整佣金费率？', '多少资金能达到多少的佣金？', '信用账户的担保品买卖佣金费率与普通账户一致吗？', '网上开户佣金是多少？', '如何查询佣金费率？']",0.999475539,如何调整佣金费率？,1,1
信用账户的新股额度怎么可以查到呢,信用账户如何查询新股申购额度？,"['信用账户如何查询新股申购额度？', '信用账户新股中签缴款占用了自有资金会影响维持担保比例吗？', '新股中签扣款时对金快线有什么影响？', '新股申购可以撤单吗？', '新股中签会有短信通知吗？']",0.998326719,信用账户如何查询新股申购额度？,1,1
怎样开通创业板,创业板如何开通,"['创业板如何开通', '开通创业板权限对账户有什么要求？', '创业板权限首次开通？', '信用账户与普通账户的创业板权限需单独开立吗？', '创业板权限开通的办理时间']",0.99371016,创业板如何开通,1,1
你好，我刚才证券转银行为什么转不出来,证券转银行为什么转不了？,"['证券转银行为什么转不了？', '外币证券转银行限额', '银证转账的时间？', '为何账户有资金无法转出？', '信用账户资金无法转出的原因']",0.999544322,证券转银行为什么转不了？,1,1
允许一起用深港通和泸港通的额度吗？,深港通跟沪港通的额度能共用吗？,"['深港通跟沪港通的额度能共用吗？', 'A股和港股的显示颜色有什么区别？', '深港通标的股票范围？', '深港通和沪港通的交易日区别？', '深市港股通有哪些特别风险？']",0.999481738,深港通跟沪港通的额度能共用吗？,1,1
我的登录帐号忘记了,手机账号忘记了怎么办,"['手机账号忘记了怎么办', '同一个账号允许在不同的手机上同时登录吗？', '客户编号忘记了如何找回？', '手机账户密码忘记了怎么办', '信用账户对应银行的券商代码？']",0.986358345,手机账号忘记了怎么办,1,1
哪些证券持仓纳入新股申购市值计算范围？,新股申购的市值计算范围？,"['新股申购的市值计算范围？', '新股上市首日有涨跌幅限制吗？', '新股申购有数量要求吗？', '网下打新申报数量有什么规定？', '新股申购数量上限']",0.996308386,新股申购的市值计算范围？,1,1
要T+1日方可购股票？,A股为什么要实行T+1股票交易制度？,"['A股为什么要实行T+1股票交易制度？', '上海ST、*ST股的交易规则？', 'ST股票为何无法买入？', '信用账户可以购买ST股票吗？', 'B股实行T+0回转交易吗？']",0.99937433,A股为什么要实行T+1股票交易制度？,1,1
会开通创业板吗,创业板如何开通,"['创业板如何开通', '开通创业板权限对账户有什么要求？', '创业板权限首次开通？', '创业板权限开通的办理时间', '信用账户与普通账户的创业板权限需单独开立吗？']",0.993091345,创业板如何开通,1,1
什么时候交易,如何交易股票？,"['如何交易股票？', '深交所对竞价交易临时停牌有何规定？', '申报深市股票委托时，提示：证券账户无效，该如何处理？', '股票的交易时间？', '上海ST、*ST股的交易规则？']",0.706799805,股票的交易时间？,0,1
开过户，可以开吗,如何开户？,"['如何开户？', '信用账户可以网上开通吗？', '信用账户可以买入现金类产品吗？', '信用账户可以购买非标的证券吗？', '信用证券账户卡遗失应如何处理？']",0.980507672,如何开户？,1,1
你好，我证券里的现金怎么会转不出银行,信用账户可以购买非标的证券吗？,"['信用账户可以购买非标的证券吗？', '如何注销证券账户？', '信用证券账户卡遗失应如何处理？', '如何查询证券账号？', '新股的申购代码与证券代码一样吗？']",0.99345535,证券转银行为什么转不了？,0,0
银证转帐时间,银证转账的时间？,"['银证转账的时间？', '外币证券转银行限额', '证券转银行为什么转不了？', '信用账户资金无法转出的原因', '当日卖出股票后可以转出资金吗？']",0.999265611,银证转账的时间？,1,1
我怎么开通创业板,创业板如何开通,"['创业板如何开通', '开通创业板权限对账户有什么要求？', '创业板权限首次开通？', '信用账户与普通账户的创业板权限需单独开立吗？', '创业板权限开通的办理时间']",0.992083311,创业板如何开通,1,1
怎么钱转不出去,为何账户有资金无法转出？,"['为何账户有资金无法转出？', '信用账户资金无法转出的原因', 'A股自助开户时转账失败，如何处理？', 'A股账户如何转户？', '当日卖出股票后可以转出资金吗？']",0.992288768,为何账户有资金无法转出？,1,1
当日卖出的股票获取的资金，可不可以当日转出,当日卖出股票后可以转出资金吗？,"['当日卖出股票后可以转出资金吗？', '为何账户有资金无法转出？', '股票可以当天买入当天卖出吗？', '退市股票可以交易吗？', '如何才可以买股票？']",0.855892897,当日卖出股票后可以转出资金吗？,1,1
怎么才能把网上交易权限取消了？,网上委托权限如何取消？,"['网上委托权限如何取消？', '上交所股票期权行权价格间距如何设置？', '创业板权限转签如何操作？', '深市港股通权限如何取消？', '上交所股东大会网络投票平台网址？']",0.998417377,网上委托权限如何取消？,1,1
我买ST的失败什么原因！,ST股票为何无法买入？,"['ST股票为何无法买入？', '上海ST、*ST股的交易规则？', '信用账户可以购买ST股票吗？', 'A股为什么要实行T+1股票交易制度？', 'B股实行T+0回转交易吗？']",0.997621834,ST股票为何无法买入？,1,1
您好 我如果要开创业板权限如何办理谢谢,开通创业板权限对账户有什么要求？,"['开通创业板权限对账户有什么要求？', '创业板权限转签如何操作？', '创业板权限开通的办理时间', '三板交易权限如何取消？', '网上委托权限如何取消？']",0.995050251,开通创业板权限对账户有什么要求？,1,1
为何账号不能登入,如何开户？,"['如何开户？', '同一个账号允许在不同的手机上同时登录吗？', '如何注销证券账户？', '如何查询证券账号？', '如何注销信用账户？']",0.894809604,如何开户？,1,1
为什么转出失败？,信用账户资金无法转出的原因,"['信用账户资金无法转出的原因', '证券转银行为什么转不了？', '转账失败的原因？', '为何账户有资金无法转出？', '外币证券转银行限额']",0.99519676,证券转银行为什么转不了？,0,1
A股账户开通方法,如何开户？,"['如何开户？', '自助开户后如何补办三方存管？', 'A股账户销户需由本人亲自办理吗？', '信用账户三方存管的银行有哪些？', '信用证券账户卡遗失应如何处理？']",0.903818011,如何开户？,1,1
我账号忘记了,手机账号忘记了怎么办,"['手机账号忘记了怎么办', '同一个账号允许在不同的手机上同时登录吗？', '手机账户密码忘记了怎么办', '信用账户对应银行的券商代码？', '如何注销证券账户？']",0.987944841,手机账号忘记了怎么办,1,1
当天卖出的股票可以再买吗？,股票可以当天买入当天卖出吗？,"['股票可以当天买入当天卖出吗？', '如何才可以买股票？', '当日卖出股票后可以转出资金吗？', 'ST股票为何无法买入？', '信用账户可以交易哪些股票？']",0.986146986,股票可以当天买入当天卖出吗？,1,1
如何调整佣金费率？,如何调整佣金费率？,"['如何调整佣金费率？', '多少资金能达到多少的佣金？', '信用账户的担保品买卖佣金费率与普通账户一致吗？', '如何查询佣金费率？', '网上开户佣金是多少？']",0.999673367,如何调整佣金费率？,1,1
你好！我的帐号密码忘记了怎么办,手机账户密码忘记了怎么办,"['手机账户密码忘记了怎么办', '忘记资金密码怎么办？', '如何修改账户资金密码？', '忘记交易密码怎么办？', '如何修改账户交易密码？']",0.999927282,手机账户密码忘记了怎么办,1,1
重置信用账户密码的方法是什么？,如何重置信用账户密码？,"['如何重置信用账户密码？', '手机账户密码忘记了怎么办', '如何修改账户资金密码？', '如何修改账户交易密码？', '信用账户对应银行的券商代码？']",0.99990356,如何重置信用账户密码？,1,1
上海证券交易所股东大会网络投票平台网址是多少？,上交所股东大会网络投票平台网址？,"['上交所股东大会网络投票平台网址？', '深圳证券交易所证券代码编制原则是什么？', '网上委托权限如何取消？', '深交所上市债券实行净价交易有哪些？', '深交所上市债券实行全价交易有哪些？']",0.999232054,上交所股东大会网络投票平台网址？,1,1
资金转入失败怎么回事？,B股实行T+0回转交易吗？,"['B股实行T+0回转交易吗？', '信用账户资金无法转出的原因', '转账失败的原因？', '证券转银行为什么转不了？', '为何账户有资金无法转出？']",0.997034907,为何账户有资金无法转出？,0,1
请问身份证过期了，可以开户不,身份证过期可以办理开户吗？,"['身份证过期可以办理开户吗？', '身份证过期如何办理？', '身份证到期影响账户交易吗？', '信用证券账户卡遗失应如何处理？', '信用账户可以网上开通吗？']",0.99772507,身份证过期可以办理开户吗？,1,1
股票交易密码忘了怎么办,忘记交易密码怎么办？,"['忘记交易密码怎么办？', '如何修改交易密码', '如何修改账户交易密码？', '深圳证券交易所证券代码编制原则是什么？', '忘记资金密码怎么办？']",0.99993813,忘记交易密码怎么办？,1,1
你好，证券转不到银行卡怎么回事,证券转银行为什么转不了？,"['证券转银行为什么转不了？', '外币证券转银行限额', 'B股实行T+0回转交易吗？', '信用证券账户卡遗失应如何处理？', '信用账户资金无法转出的原因']",0.998049736,证券转银行为什么转不了？,1,1
K线图的副图指标参数在金融终端上怎么改,如何修改成本价数值？,"['如何修改成本价数值？', '网下打新申报数量有什么规定？', '新股申购有数量要求吗？', '上交所债券逆回购申报数量要求？', '新股申购数量上限']",0.998808503,如何修改金融终端K线图的副图指标参数？,0,0
我打新股的数量不能是100股吗,新股申购有数量要求吗？,"['新股申购有数量要求吗？', '网下打新申报数量有什么规定？', '新股申购数量上限', '深圳市场的新股配号为何有小数点？', '新股申购的回拨机制？']",0.999497056,新股申购有数量要求吗？,1,1
新股申购怎么连起始配号都没有,申购新股后为何查询不到配号？,"['申购新股后为何查询不到配号？', '新股申购的配号规则？', '深圳市场的新股配号为何有小数点？', '新股申购有数量要求吗？', '如何通过电话委托查询新股申购配号？']",0.999664903,申购新股后为何查询不到配号？,1,1
为什么钱转不出银行,为何账户有资金无法转出？,"['为何账户有资金无法转出？', '证券转银行为什么转不了？', '外币证券转银行限额', '信用账户资金无法转出的原因', '当日卖出股票后可以转出资金吗？']",0.984146714,证券转银行为什么转不了？,0,1
信用账户跟普通账户担保品买卖的佣金费率区别是什么？,信用账户开通条件,"['信用账户开通条件', '信用账户销户条件？', '如何注销信用账户？', '信用账户可以买入现金类产品吗？', 'A股账户销户有哪些注意事项？']",0.988317311,信用账户的担保品买卖佣金费率与普通账户一致吗？,0,0
信用账户绑定的银行券商代码是多少？,信用账户对应银行的券商代码？,"['信用账户对应银行的券商代码？', '深圳证券交易所证券代码编制原则是什么？', '深市A股的增发代码是什么？', '新股的申购代码与证券代码一样吗？', '手机账户密码忘记了怎么办']",0.999890327,信用账户对应银行的券商代码？,1,1
忘记资金密码怎么办,忘记资金密码怎么办？,"['忘记资金密码怎么办？', '手机账户密码忘记了怎么办', '如何修改账户资金密码？', '忘记交易密码怎么办？', '如何修改交易密码']",0.999931693,忘记资金密码怎么办？,1,1
确认深圳大宗交易的成交时间要等多久？,深圳大宗交易的成交确认时间？,"['深圳大宗交易的成交确认时间？', '深圳市场大宗交易的条件？', '深交所对竞价交易临时停牌有何规定？', '申报深市股票委托时，提示：证券账户无效，该如何处理？', '深交所上市债券实行全价交易有哪些？']",0.998540282,深圳大宗交易的成交确认时间？,1,1
请问，要怎么区别A股和港股的显示颜色？,A股和港股的显示颜色有什么区别？,"['A股和港股的显示颜色有什么区别？', '深港通股票为A+H股的，A股停牌与H股停牌是否同步？', '深港通标的股票范围？', '深港通跟沪港通的额度能共用吗？', '深港通和沪港通的交易日区别？']",0.999518156,A股和港股的显示颜色有什么区别？,1,1
让我开通创业板,创业板如何开通,"['创业板如何开通', '开通创业板权限对账户有什么要求？', '创业板权限首次开通？', '信用账户与普通账户的创业板权限需单独开立吗？', '创业板权限开通的办理时间']",0.990960121,创业板如何开通,1,1
创业板要怎么开通,创业板如何开通,"['创业板如何开通', '开通创业板权限对账户有什么要求？', '创业板权限首次开通？', '创业板权限开通的办理时间', '信用账户与普通账户的创业板权限需单独开立吗？']",0.993286431,创业板如何开通,1,1
我已经开户了的,如何开户？,"['如何开户？', '自助开户后如何补办三方存管？', '信用账户开立后何时生效？', '信用账户开通条件', '信用证券账户卡遗失应如何处理？']",0.955365717,如何开户？,1,1
为啥不能登录账户啊,如何开户？,"['如何开户？', '同一个账号允许在不同的手机上同时登录吗？', '如何注销证券账户？', '如何注销信用账户？', 'A股账户销户需由本人亲自办理吗？']",0.840647578,如何开户？,1,1
开通创业,创业板如何开通,"['创业板如何开通', '如何开户？', '开通创业板权限对账户有什么要求？', '创业板权限首次开通？', '信用账户开通条件']",0.823023438,创业板如何开通,1,1
你好，我登录不上账户,如何开户？,"['如何开户？', '同一个账号允许在不同的手机上同时登录吗？', '如何注销证券账户？', '如何注销信用账户？', '信用账户销户条件？']",0.96607554,如何开户？,1,1
怎样区别A股和港股通的退市制度？,A股和港股通退市制度的区别,"['A股和港股通退市制度的区别', 'A股和港股的显示颜色有什么区别？', '深市港股通有哪些特别风险？', '深港通股票为A+H股的，A股停牌与H股停牌是否同步？', '深港通标的股票范围？']",0.999498129,A股和港股通退市制度的区别,1,1
银证转账转不出,证券转银行为什么转不了？,"['证券转银行为什么转不了？', '信用账户资金无法转出的原因', '外币证券转银行限额', '转账失败的原因？', '银证转账的时间？']",0.998822868,证券转银行为什么转不了？,1,1
请问一下，当天从银行转证券账户的钱，不能买股票吗？,当日卖出股票后可以转出资金吗？,"['当日卖出股票后可以转出资金吗？', '证券转银行为什么转不了？', '外币证券转银行限额', '银证转账的时间？', '为何账户有资金无法转出？']",0.988557577,当日卖出股票后可以转出资金吗？,1,1
请问我要开通创业板,创业板如何开通,"['创业板如何开通', '开通创业板权限对账户有什么要求？', '创业板权限首次开通？', '创业板权限开通的办理时间', '信用账户与普通账户的创业板权限需单独开立吗？']",0.992089033,创业板如何开通,1,1
我的开户有通过了吗？,如何开户？,"['如何开户？', '信用账户开通条件', '如何注销信用账户？', '信用证券账户卡遗失应如何处理？', '自助开户后如何补办三方存管？']",0.992214262,如何开户？,1,1
最少多少资金,信用账户资金无法转出的原因,"['信用账户资金无法转出的原因', '为何账户有资金无法转出？', '为什么资金可用不可取？', '如何调整融资融券授信额度？', '多少资金能达到多少的佣金？']",0.812433243,多少资金能达到多少的佣金？,0,1
可以开通创业版吗,创业板如何开通,"['创业板如何开通', '开通创业板权限对账户有什么要求？', '创业板权限首次开通？', '创业板权限开通的办理时间', '信用账户可以网上开通吗？']",0.95231849,创业板如何开通,1,1
应该登陆哪个账号,如何开户？,"['如何开户？', '同一个账号允许在不同的手机上同时登录吗？', '手机账号忘记了怎么办', 'A股账户销户需由本人亲自办理吗？', '信用证券账户卡遗失应如何处理？']",0.590581954,如何开户？,1,1
你好我的账号怎么登录不上,如何开户？,"['如何开户？', '同一个账号允许在不同的手机上同时登录吗？', '手机账号忘记了怎么办', '如何注销证券账户？', '如何注销信用账户？']",0.7846542,如何开户？,1,1
我的登录帐号忘了,手机账号忘记了怎么办,"['手机账号忘记了怎么办', '同一个账号允许在不同的手机上同时登录吗？', '客户编号忘记了如何找回？', '手机账户密码忘记了怎么办', '信用账户对应银行的券商代码？']",0.985167682,手机账号忘记了怎么办,1,1
新股上市当天，开盘集合竞价的申报价格涨跌幅有什么限制？,新股上市当天，开盘集合竞价的申报价格涨跌幅有何限制？,"['新股上市当天，开盘集合竞价的申报价格涨跌幅有何限制？', '网下打新申报价格有什么规定？', '深交所对竞价交易临时停牌有何规定？', '网下打新申报数量有什么规定？', '如何修改成本价数值？']",0.999670625,新股上市当天，开盘集合竞价的申报价格涨跌幅有何限制？,1,1
我要开通创业板怎么办里,创业板如何开通,"['创业板如何开通', '创业板权限开通的办理时间', '开通创业板权限对账户有什么要求？', '创业板权限首次开通？', '信用账户与普通账户的创业板权限需单独开立吗？']",0.992656291,创业板如何开通,1,1
手续费怎么查询,如何查询佣金费率？,"['如何查询佣金费率？', '多少资金能达到多少的佣金？', '网上开户佣金是多少？', '信用账户的担保品买卖佣金费率与普通账户一致吗？', '如何收取股票交易佣金？']",0.987597406,如何查询佣金费率？,1,1
怎么样更改之前填写的中签提醒的手机号码,新股中签如何缴款？,"['新股中签如何缴款？', '如何修改接收新股中签提醒短信的手机号码？', '信用账户新股中签缴款占用了自有资金会影响维持担保比例吗？', '新股中签扣款时对金快线有什么影响？', '新股中签扣款时对现金增利有什么影响？']",0.992404163,如何修改接收新股中签提醒短信的手机号码？,0,1
您好！我准备销户，把剩下的股票卖了，然后证蛔银行，怎么提示禁止什么的,如何注销证券账户？,"['如何注销证券账户？', '如何开户？', '如何注销信用账户？', 'A股账户销户有哪些注意事项？', '信用账户销户条件？']",0.993424892,A股账户销户有哪些注意事项？,0,1
深交所对于竞价交易临时停牌有什么规则？,深交所对竞价交易临时停牌有何规定？,"['深交所对竞价交易临时停牌有何规定？', '深交所上市债券实行全价交易有哪些？', '深交所上市债券实行净价交易有哪些？', '新股上市当天，开盘集合竞价的申报价格涨跌幅有何限制？', '深交所新股上市首日临时停牌期间接受委托吗？']",0.999889016,深交所对竞价交易临时停牌有何规定？,1,1
你好，咨询一下，申购新股需要具备那些条件？求解答谢谢,新股申购的条件？,"['新股申购的条件？', '新股申购有数量要求吗？', '新股申购的市值计算范围？', '新股申购的回拨机制？', '申购新股后为何查询不到配号？']",0.997323215,新股申购的条件？,1,1
想网上开户，身份证过期怎么办,身份证过期可以办理开户吗？,"['身份证过期可以办理开户吗？', '身份证过期如何办理？', '身份证到期影响账户交易吗？', '信用账户可以网上开通吗？', '网下申购新股所得的股份有锁定期吗？']",0.998299658,身份证过期可以办理开户吗？,1,1
您好想买申购的新股，需要具备什么条件,新股申购的条件？,"['新股申购的条件？', '新股申购有数量要求吗？', '新股申购数量上限', '新股申购的市值计算范围？', '新股申购可以撤单吗？']",0.998005927,新股申购的条件？,1,1
信用账户怎么注销？,如何注销信用账户？,"['如何注销信用账户？', '如何注销证券账户？', '信用账户销户条件？', '信用证券账户卡遗失应如何处理？', 'A股账户销户有哪些注意事项？']",0.99426645,如何注销信用账户？,1,1
新股中签扣款时对金快线的影响是什么？,新股中签扣款时对金快线有什么影响？,"['新股中签扣款时对金快线有什么影响？', '新股中签扣款时对现金增利有什么影响？', '新股中签如何缴款？', '如何修改接收新股中签提醒短信的手机号码？', '新股中签后股份何时上市？']",0.999647379,新股中签扣款时对金快线有什么影响？,1,1
银行转证卷为何失败,证券转银行为什么转不了？,"['证券转银行为什么转不了？', '外币证券转银行限额', '银证转账的时间？', '信用账户资金无法转出的原因', '为何账户有资金无法转出？']",0.999314666,证券转银行为什么转不了？,1,1
我的账户怎么登陆不上,如何开户？,"['如何开户？', '同一个账号允许在不同的手机上同时登录吗？', '如何注销证券账户？', '如何注销信用账户？', '手机账号忘记了怎么办']",0.964690506,如何开户？,1,1
新股上市当天，开盘集合竞价的申报价格涨跌幅限制是什么？,新股上市当天，开盘集合竞价的申报价格涨跌幅有何限制？,"['新股上市当天，开盘集合竞价的申报价格涨跌幅有何限制？', '网下打新申报价格有什么规定？', '深交所对竞价交易临时停牌有何规定？', '网下打新申报数量有什么规定？', '如何修改成本价数值？']",0.999670625,新股上市当天，开盘集合竞价的申报价格涨跌幅有何限制？,1,1
身份证过期了会影响账户交易吗？,身份证到期影响账户交易吗？,"['身份证到期影响账户交易吗？', '身份证过期可以办理开户吗？', '身份证过期如何办理？', 'A股自助开户时转账失败，如何处理？', '信用证券账户卡遗失应如何处理？']",0.99740845,身份证到期影响账户交易吗？,1,1
为什么证券转银行不能转,证券转银行为什么转不了？,"['证券转银行为什么转不了？', '外币证券转银行限额', '银证转账的时间？', '信用账户资金无法转出的原因', '当日卖出股票后可以转出资金吗？']",0.998946965,证券转银行为什么转不了？,1,1
新三板协议转让成交的方式有哪几种？,新三板转让方式有哪些？,"['新三板转让方式有哪些？', '新三板协议转让有哪些成交情况？', '新三板做市转让的申报规则？', '新三板股票协议转让的申报类型？', '新三板的投资者有哪些？']",0.999943137,新三板协议转让有哪些成交情况？,0,1
怎么理解深市A股的增发代码？,深市A股的增发代码是什么？,"['深市A股的增发代码是什么？', '深圳证券交易所证券代码编制原则是什么？', '忘记交易密码怎么办？', '信用账户对应银行的券商代码？', '忘记资金密码怎么办？']",0.999906301,深市A股的增发代码是什么？,1,1
我把登录的账号忘记了,手机账号忘记了怎么办,"['手机账号忘记了怎么办', '同一个账号允许在不同的手机上同时登录吗？', '手机账户密码忘记了怎么办', '信用账户对应银行的券商代码？', '如何注销证券账户？']",0.990926266,手机账号忘记了怎么办,1,1
多少了佣金，怎么办？,多少资金能达到多少的佣金？,"['多少资金能达到多少的佣金？', '信用账户的担保品买卖佣金费率与普通账户一致吗？', '如何调整佣金费率？', '网上开户佣金是多少？', '如何查询佣金费率？']",0.999506474,多少资金能达到多少的佣金？,1,1
用信用账户买现金类的产品可以吗,信用账户可以买入现金类产品吗？,"['信用账户可以买入现金类产品吗？', '信用账户可以购买非标的证券吗？', '信用账户可以参与逆回购吗？', '信用账户可以网上开通吗？', '信用证券账户卡遗失应如何处理？']",0.998586774,信用账户可以买入现金类产品吗？,1,1
你们证券所可以开期货账号吗,身份证过期可以办理开户吗？,"['身份证过期可以办理开户吗？', '身份证到期影响账户交易吗？', '身份证过期如何办理？', '信用账户开立后何时生效？', '信用证券账户卡遗失应如何处理？']",0.983115971,如何查询证券账号？,0,0
交易密码和账户密码一样吗,忘记交易密码怎么办？,"['忘记交易密码怎么办？', '如何修改账户交易密码？', '如何修改交易密码', '深圳证券交易所证券代码编制原则是什么？', '手机账户密码忘记了怎么办']",0.999797761,如何修改账户交易密码？,0,1
我想改我的账户交易密码,如何修改账户交易密码？,"['如何修改账户交易密码？', '忘记交易密码怎么办？', '深圳证券交易所证券代码编制原则是什么？', '如何修改交易密码', '手机账户密码忘记了怎么办']",0.999753773,如何修改账户交易密码？,1,1
深圳大宗交易的成交确认时间是多少？,深圳大宗交易的成交确认时间？,"['深圳大宗交易的成交确认时间？', '深圳市场大宗交易的条件？', '深交所对竞价交易临时停牌有何规定？', '申报深市股票委托时，提示：证券账户无效，该如何处理？', '深交所上市债券实行全价交易有哪些？']",0.998604357,深圳大宗交易的成交确认时间？,1,1
新三板股价变动的单位是如何规定的,新三板股价变动单位？,"['新三板股价变动单位？', '新三板协议转让有哪些成交情况？', '新三板转让方式有哪些？', '新三板股票协议转让的申报类型？', '新三板的投资者有哪些？']",0.999802411,新三板股价变动单位？,1,1
我想参与深市的大宗交易，可以吗,深圳市场大宗交易的条件？,"['深圳市场大宗交易的条件？', '深圳大宗交易的成交确认时间？', '深交所上市债券实行净价交易有哪些？', '深交所上市债券实行全价交易有哪些？', '申报深市股票委托时，提示：证券账户无效，该如何处理？']",0.997738123,深圳市场大宗交易的条件？,1,1
深港通开户要什么条件,A股和港股的显示颜色有什么区别？,"['A股和港股的显示颜色有什么区别？', '深港通股票为A+H股的，A股停牌与H股停牌是否同步？', '深市港股通开通条件', '深市港股通有哪些特别风险？', '深港通跟沪港通的额度能共用吗？']",0.999099851,深市港股通开通条件,0,1
今天银转证为何转不了,证券转银行为什么转不了？,"['证券转银行为什么转不了？', '外币证券转银行限额', '银证转账的时间？', '信用账户资金无法转出的原因', '为何账户有资金无法转出？']",0.998762965,证券转银行为什么转不了？,1,1
证券转银行，怎么不行？,证券转银行为什么转不了？,"['证券转银行为什么转不了？', '外币证券转银行限额', '银证转账的时间？', '信用账户资金无法转出的原因', '为何账户有资金无法转出？']",0.999417901,证券转银行为什么转不了？,1,1
资金为什么转不出来,为何账户有资金无法转出？,"['为何账户有资金无法转出？', '信用账户资金无法转出的原因', '证券转银行为什么转不了？', '转账失败的原因？', '外币证券转银行限额']",0.99425596,为何账户有资金无法转出？,1,1
请问能告诉我通过电话委托查询新股申购配号的步骤吗?,如何通过电话委托查询新股申购配号？,"['如何通过电话委托查询新股申购配号？', '信用账户交易允许市价委托吗？', '网上委托权限如何取消？', '申报深市股票委托时，提示：证券账户无效，该如何处理？', '信用账户如何操作配售？']",0.740627766,如何通过电话委托查询新股申购配号？,1,1
怎么找回客户编号,客户编号忘记了如何找回？,"['客户编号忘记了如何找回？', '同一个账号允许在不同的手机上同时登录吗？', 'B股实行T+0回转交易吗？', '信用账户可以参与逆回购吗？', '上交所逆回购的起点金额？']",0.997562289,客户编号忘记了如何找回？,1,1
转入资金可以当天买股票吗？,当日卖出股票后可以转出资金吗？,"['当日卖出股票后可以转出资金吗？', 'A股自助开户时转账失败，如何处理？', '证券转银行为什么转不了？', '上交所可转债债转股能撤单吗？', '外币证券转银行限额']",0.998467863,当日卖出股票后可以转出资金吗？,1,1
金融终端版分时图下面的成交量，只是显示一种颜色吗？,如何修改金融终端K线图的副图指标参数？,"['如何修改金融终端K线图的副图指标参数？', '如何修改金融终端个股分时图下方的成交量柱状线的颜色？', '如何调整融资融券授信额度？', '如何修改成本价数值？', '深圳大宗交易的成交确认时间？']",0.999161005,如何修改金融终端个股分时图下方的成交量柱状线的颜色？,0,1
信用账户销户有什么要求？,如何注销信用账户？,"['如何注销信用账户？', '如何注销证券账户？', 'A股账户销户有哪些注意事项？', '信用证券账户卡遗失应如何处理？', '信用账户销户条件？']",0.998051167,信用账户销户条件？,0,1
股票交易手续费是,如何收取股票交易佣金？,"['如何收取股票交易佣金？', '股票交易费用', 'A股开户是否收费？', '信用账户的担保品买卖佣金费率与普通账户一致吗？', '多少资金能达到多少的佣金？']",0.995618105,股票交易费用,0,1
为什么我的帐户不能转帐到银行,外币证券转银行限额,"['外币证券转银行限额', '证券转银行为什么转不了？', 'A股自助开户时转账失败，如何处理？', 'A股账户如何转户？', '为何账户有资金无法转出？']",0.998766303,证券转银行为什么转不了？,0,1
深市港股通和泸市港股通相比究竟有何差异？,深市港股通有哪些特别风险？,"['深市港股通有哪些特别风险？', '深市港股通开通条件', '深港通标的股票范围？', '深港通和沪港通的交易日区别？', '深市港股通权限如何取消？']",0.999599516,深港通和沪港通的交易日区别？,0,1
怎样调整股票交易佣金,如何收取股票交易佣金？,"['如何收取股票交易佣金？', '如何调整佣金费率？', '多少资金能达到多少的佣金？', '信用账户的担保品买卖佣金费率与普通账户一致吗？', '如何查询佣金费率？']",0.999000013,如何调整佣金费率？,0,1
开通信用账户，需要什么条件？,如何注销信用账户？,"['如何注销信用账户？', '信用账户销户条件？', '信用账户可以操作要约收购吗？', '信用账户开通条件', '信用证券账户卡遗失应如何处理？']",0.995031834,信用账户开通条件,0,1
今天手机开户，想要设置三方存管银行，怎么做,如何注销三方存管账户？,"['如何注销三方存管账户？', '信用账户三方存管的银行有哪些？', '如何更换同一银行的三方存管银行卡？', '自助开户后如何补办三方存管？', '同一个账号允许在不同的手机上同时登录吗？']",0.997405231,自助开户后如何补办三方存管？,0,1
全国股份转让系统挂牌股份申报有哪些类型？,上交所可转债债转股能撤单吗？,"['上交所可转债债转股能撤单吗？', '如何转让中小企业私募债券？', '当日卖出股票后可以转出资金吗？', '深交所转股申报当日如何撤销？', 'A股自助开户时转账失败，如何处理？']",0.995359957,新三板股票协议转让的申报类型？,0,0
第三方存管变更，仍然是建行，但是，换另一张卡，怎么弄,如何更换同一银行的三方存管银行卡？,"['如何更换同一银行的三方存管银行卡？', '信用账户三方存管的银行有哪些？', '如何注销三方存管账户？', '自助开户后如何补办三方存管？', '新三板股价变动单位？']",0.999025702,如何更换同一银行的三方存管银行卡？,1,1
您好，第三方存管银行如何修改,如何更换同一银行的三方存管银行卡？,"['如何更换同一银行的三方存管银行卡？', '信用账户三方存管的银行有哪些？', '如何注销三方存管账户？', '自助开户后如何补办三方存管？', '新三板协议转让有哪些成交情况？']",0.999361932,如何更换同一银行的三方存管银行卡？,1,1
当天开户可以办理三方存管补办？,自助开户后如何补办三方存管？,"['自助开户后如何补办三方存管？', '如何注销三方存管账户？', '信用账户三方存管的银行有哪些？', '如何更换同一银行的三方存管银行卡？', '新三板可以做融资融券交易吗？']",0.998625875,自助开户后如何补办三方存管？,1,1
股票当天卖出后资金能转出吗,当日卖出股票后可以转出资金吗？,"['当日卖出股票后可以转出资金吗？', '为何账户有资金无法转出？', 'A股自助开户时转账失败，如何处理？', 'A股账户如何转户？', '信用账户资金无法转出的原因']",0.998529196,当日卖出股票后可以转出资金吗？,1,1
深交所配股认购的名称的编制原则是什么？,深交所配股认购名称的编制原则？,"['深交所配股认购名称的编制原则？', '新股申购的配号规则？', '申购新股后为何查询不到配号？', '信用账户如何操作配股？', '深圳市场的新股配号为何有小数点？']",0.999672294,深交所配股认购名称的编制原则？,1,1
收盘后资金转不出来吗,为何账户有资金无法转出？,"['为何账户有资金无法转出？', '信用账户资金无法转出的原因', '当日卖出股票后可以转出资金吗？', 'A股自助开户时转账失败，如何处理？', '证券转银行为什么转不了？']",0.991038203,为何账户有资金无法转出？,1,1
我忘了账号怎么办？,手机账号忘记了怎么办,"['手机账号忘记了怎么办', '手机账户密码忘记了怎么办', 'A股账户销户需由本人亲自办理吗？', '同一个账号允许在不同的手机上同时登录吗？', '如何注销证券账户？']",0.997839332,手机账号忘记了怎么办,1,1
忘了登录账号,手机账号忘记了怎么办,"['手机账号忘记了怎么办', '同一个账号允许在不同的手机上同时登录吗？', '手机账户密码忘记了怎么办', '信用账户对应银行的券商代码？', '如何查询证券账号？']",0.988404512,手机账号忘记了怎么办,1,1
我买的基金算不算在市值里面？,申购基金时发行总数显示为0的原因,"['申购基金时发行总数显示为0的原因', '申报深市股票委托时，提示：证券账户无效，该如何处理？', '网上开户佣金是多少？', '信用账户交易允许市价委托吗？', '深交所上市债券实行全价交易有哪些？']",0.995968938,新股申购的市值计算范围？,0,0
取消深市港股通权限，该怎么做？,深市港股通权限如何取消？,"['深市港股通权限如何取消？', '深市港股通有哪些特别风险？', '深港通标的股票范围？', '深市港股通开通条件', 'A股和港股通退市制度的区别']",0.999763429,深市港股通权限如何取消？,1,1
融资融券授信额度可以通过什么方式调整？,如何调整融资融券授信额度？,"['如何调整融资融券授信额度？', '如何修改金融终端K线图的副图指标参数？', '如何修改金融终端个股分时图下方的成交量柱状线的颜色？', '信用账户可以购买非标的证券吗？', '信用证券账户卡遗失应如何处理？']",0.99960345,如何调整融资融券授信额度？,1,1
忘记帐号,手机账号忘记了怎么办,"['手机账号忘记了怎么办', '客户编号忘记了如何找回？', '同一个账号允许在不同的手机上同时登录吗？', '手机账户密码忘记了怎么办', '信用账户对应银行的券商代码？']",0.986086726,手机账号忘记了怎么办,1,1
港股通和泸市港股通的交易日有什么不同啊？,深市港股通有哪些特别风险？,"['深市港股通有哪些特别风险？', '深市港股通开通条件', '深港通和沪港通的交易日区别？', '深市港股通权限如何取消？', '深港通标的股票范围？']",0.999530673,深港通和沪港通的交易日区别？,0,1
你好请问我为什么不能开通深圳A股,如何开户？,"['如何开户？', '深圳市场大宗交易的条件？', '深交所上市债券实行全价交易有哪些？', '深交所上市债券实行净价交易有哪些？', '深市港股通有哪些特别风险？']",0.68540895,如何开户？,1,1
我该如何修改成本价格,如何修改成本价数值？,"['如何修改成本价数值？', '深交所上市债券实行全价交易有哪些？', '深交所上市债券实行净价交易有哪些？', '上交所股票期权行权价格间距如何设置？', '深交所对竞价交易临时停牌有何规定？']",0.999357522,如何修改成本价数值？,1,1
我怎么开不了上海A股呀,如何开户？,"['如何开户？', '上海B股需要指定交易吗？', 'A股为什么要实行T+1股票交易制度？', '信用账户可以网上开通吗？', '如何才可以买股票？']",0.909540176,如何开户？,1,1
证券账户怎么开户,如何注销证券账户？,"['如何注销证券账户？', '信用证券账户卡遗失应如何处理？', '如何注销信用账户？', '信用账户可以购买非标的证券吗？', '如何查询证券账号？']",0.995580494,如何查询证券账号？,0,1
现在网上开户佣金是多少,网上开户佣金是多少？,"['网上开户佣金是多少？', '如何查询佣金费率？', '如何调整佣金费率？', '信用账户的担保品买卖佣金费率与普通账户一致吗？', '多少资金能达到多少的佣金？']",0.999864578,网上开户佣金是多少？,1,1
我的资金为何不可取,为什么资金可用不可取？,"['为什么资金可用不可取？', '为何账户有资金无法转出？', '如何调整融资融券授信额度？', '信用账户资金无法转出的原因', '如何注销证券账户？']",0.93499136,为什么资金可用不可取？,1,1
证券转银行资金转出失败,为何账户有资金无法转出？,"['为何账户有资金无法转出？', '证券转银行为什么转不了？', '外币证券转银行限额', '银证转账的时间？', '信用账户资金无法转出的原因']",0.990044236,证券转银行为什么转不了？,0,1
资金转不出？,为何账户有资金无法转出？,"['为何账户有资金无法转出？', '信用账户资金无法转出的原因', '转账失败的原因？', '证券转银行为什么转不了？', '银证转账的时间？']",0.990966737,为何账户有资金无法转出？,1,1
三板交易权限怎么取消？,三板交易权限如何取消？,"['三板交易权限如何取消？', '新三板与地方产权交易市场的区别？', '新三板权限开通流程？', '新三板企业的限售期？', '新三板可以做融资融券交易吗？']",0.999460518,三板交易权限如何取消？,1,1
忘了登录编号,客户编号忘记了如何找回？,"['客户编号忘记了如何找回？', '手机账号忘记了怎么办', '同一个账号允许在不同的手机上同时登录吗？', '手机账户密码忘记了怎么办', '深圳证券交易所证券代码编制原则是什么？']",0.989409566,手机账号忘记了怎么办,0,1
我要怎么执行我的投票权呢，我的是信用账户持有的股票,网上委托权限如何取消？,"['网上委托权限如何取消？', '上交所股票期权行权价格间距如何设置？', '创业板权限开通的办理时间', '三板交易权限如何取消？', '开通创业板权限对账户有什么要求？']",0.996358931,信用账户持有的股票如何行使投票权？,0,0
要开通创业板,创业板如何开通,"['创业板如何开通', '开通创业板权限对账户有什么要求？', '创业板权限首次开通？', '创业板权限开通的办理时间', '信用账户与普通账户的创业板权限需单独开立吗？']",0.993015051,创业板如何开通,1,1
创业板权限开通的办理时间,创业板如何开通,"['创业板如何开通', '创业板权限开通的办理时间', '开通创业板权限对账户有什么要求？', '创业板权限首次开通？', '信用账户与普通账户的创业板权限需单独开立吗？']",0.965701997,创业板权限开通的办理时间,0,1
资金密码遗忘,忘记资金密码怎么办？,"['忘记资金密码怎么办？', '如何修改账户资金密码？', '手机账户密码忘记了怎么办', '如何修改交易密码', '忘记交易密码怎么办？']",0.999845386,忘记资金密码怎么办？,1,1
额度共用在深市港股通和泸市港股通那里好使吗？,深港通跟沪港通的额度能共用吗？,"['深港通跟沪港通的额度能共用吗？', 'A股和港股通退市制度的区别', '深市港股通开通条件', '深港通标的股票范围？', '深港通和沪港通的交易日区别？']",0.999450266,深港通跟沪港通的额度能共用吗？,1,1
为什么我银行转证券转不了,证券转银行为什么转不了？,"['证券转银行为什么转不了？', '外币证券转银行限额', '银证转账的时间？', '信用账户资金无法转出的原因', '为何账户有资金无法转出？']",0.999372542,证券转银行为什么转不了？,1,1
资金密码，和账户登录密码一致吗,手机账户密码忘记了怎么办,"['手机账户密码忘记了怎么办', '如何修改账户资金密码？', '忘记资金密码怎么办？', '如何重置信用账户密码？', '如何修改账户交易密码？']",0.999872446,如何修改账户资金密码？,0,1
已经有个账户还可以在开个么,如何开户？,"['如何开户？', '信用账户可以买入现金类产品吗？', '信用账户可以购买非标的证券吗？', '信用账户可以参与逆回购吗？', '信用账户可以交易哪些股票？']",0.960596085,如何开户？,1,1
登录那个编号？,客户编号忘记了如何找回？,"['客户编号忘记了如何找回？', '同一个账号允许在不同的手机上同时登录吗？', '手机账号忘记了怎么办', '信用账户如何操作配售？', '信用账户如何操作配股？']",0.988500237,如何开户？,0,0
你好，今天试了两次银证转账，都失败了，什么原因,转账失败的原因？,"['转账失败的原因？', '证券转银行为什么转不了？', '外币证券转银行限额', '银证转账的时间？', 'A股自助开户时转账失败，如何处理？']",0.997883141,转账失败的原因？,1,1
如何开通创业板？,创业板如何开通,"['创业板如何开通', '开通创业板权限对账户有什么要求？', '创业板权限首次开通？', '创业板权限开通的办理时间', '信用账户与普通账户的创业板权限需单独开立吗？']",0.996633232,创业板如何开通,1,1
三方存管是农行卡想，换另一张农行卡，如何操作？,如何更换同一银行的三方存管银行卡？,"['如何更换同一银行的三方存管银行卡？', '自助开户后如何补办三方存管？', '信用账户三方存管的银行有哪些？', '如何注销三方存管账户？', '新三板可以做融资融券交易吗？']",0.998842061,如何更换同一银行的三方存管银行卡？,1,1
当日卖出的股票产生的现金可以当日转出吗,当日卖出股票后可以转出资金吗？,"['当日卖出股票后可以转出资金吗？', '股票可以当天买入当天卖出吗？', '如何才可以买股票？', '如何收取股票交易佣金？', '退市股票可以交易吗？']",0.940613568,当日卖出股票后可以转出资金吗？,1,1
请问如何开通上海A股,如何开户？,"['如何开户？', 'A股自助开户时转账失败，如何处理？', '自助开户后如何补办三方存管？', '信用账户持有的股票如何行使投票权？', '信用账户开立后何时生效？']",0.975405574,如何开户？,1,1
信用账户网上开通是否可以？,信用账户可以网上开通吗？,"['信用账户可以网上开通吗？', '信用证券账户卡遗失应如何处理？', '信用账户可以买入现金类产品吗？', '信用账户可以购买非标的证券吗？', '信用账户可以操作要约收购吗？']",0.997423172,信用账户可以网上开通吗？,1,1
网上开户交开户费吗,网上开户佣金是多少？,"['网上开户佣金是多少？', 'A股开户是否收费？', '网上委托权限如何取消？', '如何查询佣金费率？', '信用账户的担保品买卖佣金费率与普通账户一致吗？']",0.999050677,网上开户佣金是多少？,1,1
网下申购获配的新股所得股份有锁定期吗,网下申购新股所得的股份有锁定期吗？,"['网下申购新股所得的股份有锁定期吗？', '申购新股后为何查询不到配号？', '新股申购的配号规则？', '新股中签后股份何时上市？', '深圳市场的新股配号为何有小数点？']",0.999544322,网下申购新股所得的股份有锁定期吗？,1,1
我这个账户可以开通创业板吗？,创业板如何开通,"['创业板如何开通', '开通创业板权限对账户有什么要求？', '信用账户与普通账户的创业板权限需单独开立吗？', '创业板权限首次开通？', '创业板权限开通的办理时间']",0.974746406,创业板如何开通,1,1
有什么方法转让中小企业私募债券？,如何转让中小企业私募债券？,"['如何转让中小企业私募债券？', '新三板转让方式有哪些？', '新三板协议转让有哪些成交情况？', '新三板做市转让的申报规则？', '上交所可转债债转股能撤单吗？']",0.999065578,如何转让中小企业私募债券？,1,1
忘记资金密码如何找回,如何修改交易密码,"['如何修改交易密码', '忘记资金密码怎么办？', '如何修改账户资金密码？', '如何修改账户交易密码？', '忘记交易密码怎么办？']",0.999750316,忘记资金密码怎么办？,0,1
你好，我的资金怎么转不进来,为何账户有资金无法转出？,"['为何账户有资金无法转出？', '信用账户资金无法转出的原因', '证券转银行为什么转不了？', '当日卖出股票后可以转出资金吗？', '转账失败的原因？']",0.992939949,为何账户有资金无法转出？,1,1
我去重置密码的时候提示我身份证信息已过期，可以网上更新吗？,忘记资金密码怎么办？,"['忘记资金密码怎么办？', '如何修改账户资金密码？', '忘记交易密码怎么办？', '手机账户密码忘记了怎么办', '如何重置信用账户密码？']",0.999769509,身份证过期如何办理？,0,0
这个创业板可以开吗？,创业板如何开通,"['创业板如何开通', '开通创业板权限对账户有什么要求？', '创业板权限首次开通？', '信用账户与普通账户的创业板权限需单独开立吗？', '创业板权限转签如何操作？']",0.939909101,创业板如何开通,1,1
第三方银行存管业务转账时间,新三板协议转让有哪些成交情况？,"['新三板协议转让有哪些成交情况？', '银证转账的时间？', '新三板股票协议转让的申报类型？', '信用账户三方存管的银行有哪些？', '新三板转让方式有哪些？']",0.997918665,银证转账的时间？,0,1
如何才能买股票,如何才可以买股票？,"['如何才可以买股票？', '如何交易股票？', 'A股自助开户时转账失败，如何处理？', 'ST股票为何无法买入？', '股票可以当天买入当天卖出吗？']",0.984458148,如何才可以买股票？,1,1
就是已经中签的新股可以撤单吗,如何修改接收新股中签提醒短信的手机号码？,"['如何修改接收新股中签提醒短信的手机号码？', '新股中签扣款时对金快线有什么影响？', '新股中签扣款时对现金增利有什么影响？', '信用账户新股中签缴款占用了自有资金会影响维持担保比例吗？', '新股中签如何缴款？']",0.999018908,新股申购可以撤单吗？,0,0
你好，我的钱咋转不出来,为何账户有资金无法转出？,"['为何账户有资金无法转出？', '信用账户资金无法转出的原因', 'A股自助开户时转账失败，如何处理？', '当日卖出股票后可以转出资金吗？', 'A股账户如何转户？']",0.992913544,为何账户有资金无法转出？,1,1
我能用信用账户做要约收购吗,信用账户可以操作要约收购吗？,"['信用账户可以操作要约收购吗？', '新股申购有数量要求吗？', '信用账户可以参与逆回购吗？', '信用账户可以购买非标的证券吗？', '信用账户开立后何时生效？']",0.998921394,信用账户可以操作要约收购吗？,1,1
开通创业板要去哪？,创业板如何开通,"['创业板如何开通', '开通创业板权限对账户有什么要求？', '创业板权限首次开通？', '创业板权限开通的办理时间', '信用账户与普通账户的创业板权限需单独开立吗？']",0.989691556,创业板如何开通,1,1
银行卡转入账户失败,信用账户资金无法转出的原因,"['信用账户资金无法转出的原因', '证券转银行为什么转不了？', '转账失败的原因？', '外币证券转银行限额', '为何账户有资金无法转出？']",0.998241186,证券转银行为什么转不了？,0,1
st股问什么无法买入,ST股票为何无法买入？,"['ST股票为何无法买入？', '如何才可以买股票？', '股票可以当天买入当天卖出吗？', '当日卖出股票后可以转出资金吗？', '信用账户可以购买ST股票吗？']",0.9626531,ST股票为何无法买入？,1,1
如何开通创业吧,创业板如何开通,"['创业板如何开通', '如何开户？', '自助开户后如何补办三方存管？', '信用账户开立后何时生效？', '开通创业板权限对账户有什么要求？']",0.91370362,创业板如何开通,1,1
请问你们有没有个股期权交易的呢？,上交所股票期权行权价格间距如何设置？,"['上交所股票期权行权价格间距如何设置？', '网上委托权限如何取消？', '深市港股通权限如何取消？', '创业板权限转签如何操作？', '新三板与地方产权交易市场的区别？']",0.996136487,如何交易股票？,0,0
B股委托报价的方式是什么？,B股的委托申报方式？,"['B股的委托申报方式？', '上海B股需要指定交易吗？', 'B股实行T+0回转交易吗？', '网下打新申报价格有什么规定？', '深交所对竞价交易临时停牌有何规定？']",0.999983311,B股的委托申报方式？,1,1
我已经开户了,如何开户？,"['如何开户？', '自助开户后如何补办三方存管？', '信用账户开立后何时生效？', '信用账户开通条件', '信用证券账户卡遗失应如何处理？']",0.955365717,如何开户？,1,1
怎么更改银行卡,如何更换银行卡？,"['如何更换银行卡？', '如何绑定多张银行卡？', '如何更换同一银行的三方存管银行卡？', '信用证券账户卡遗失应如何处理？', '信用账户对应银行的券商代码？']",0.997546852,如何更换银行卡？,1,1
为何帐户有资金无法转出?,为何账户有资金无法转出？,"['为何账户有资金无法转出？', '信用账户资金无法转出的原因', 'A股账户如何转户？', 'A股自助开户时转账失败，如何处理？', '证券转银行为什么转不了？']",0.999519348,为何账户有资金无法转出？,1,1
请问要取消第三方存管一定要去证券营业厅吗,如何更换同一银行的三方存管银行卡？,"['如何更换同一银行的三方存管银行卡？', '如何注销三方存管账户？', '自助开户后如何补办三方存管？', '信用账户三方存管的银行有哪些？', '新三板挂牌费用如何支付？']",0.999047339,如何注销三方存管账户？,0,1
开户还要收钱,信用账户可以操作要约收购吗？,"['信用账户可以操作要约收购吗？', '信用账户开立后何时生效？', '网上开户佣金是多少？', '如何开户？', 'A股自助开户时转账失败，如何处理？']",0.992451489,如何开户？,0,1
股票手续费怎么收的,如何收取股票交易佣金？,"['如何收取股票交易佣金？', 'A股开户是否收费？', '信用账户的担保品买卖佣金费率与普通账户一致吗？', '股票交易费用', '多少资金能达到多少的佣金？']",0.995217085,如何收取股票交易佣金？,1,1
深圳证券交易所证券代码是根据什么编制的？,深圳证券交易所证券代码编制原则是什么？,"['深圳证券交易所证券代码编制原则是什么？', '深市A股的增发代码是什么？', '信用账户对应银行的券商代码？', '如何修改账户交易密码？', '忘记交易密码怎么办？']",0.999953628,深圳证券交易所证券代码编制原则是什么？,1,1
为什么不能转银行？,证券转银行为什么转不了？,"['证券转银行为什么转不了？', '外币证券转银行限额', '银证转账的时间？', '信用账户资金无法转出的原因', '当日卖出股票后可以转出资金吗？']",0.99793458,证券转银行为什么转不了？,1,1
现金类的产品可以用信用账户买入吗,信用账户可以买入现金类产品吗？,"['信用账户可以买入现金类产品吗？', '信用账户可以购买非标的证券吗？', '信用账户可以参与逆回购吗？', '信用账户可以网上开通吗？', '信用账户可以操作要约收购吗？']",0.998801947,信用账户可以买入现金类产品吗？,1,1
我的手续费多少,多少资金能达到多少的佣金？,"['多少资金能达到多少的佣金？', '信用账户的担保品买卖佣金费率与普通账户一致吗？', '如何收取股票交易佣金？', '如何调整佣金费率？', 'A股开户是否收费？']",0.992554963,多少资金能达到多少的佣金？,1,1
我想开通购买创业板股票的权限   不知道在吗办理,创业板如何开通,"['创业板如何开通', '开通创业板权限对账户有什么要求？', '创业板权限开通的办理时间', '创业板权限首次开通？', '信用账户与普通账户的创业板权限需单独开立吗？']",0.986025631,创业板权限开通的办理时间,0,1
您好，我刚刚卖了股票，想把钱转到银行卡，怎么转不了,当日卖出股票后可以转出资金吗？,"['当日卖出股票后可以转出资金吗？', '为何账户有资金无法转出？', '股票可以当天买入当天卖出吗？', '如何才可以买股票？', '如何交易股票？']",0.804416955,当日卖出股票后可以转出资金吗？,1,1
为什么我资金转不了银行,为何账户有资金无法转出？,"['为何账户有资金无法转出？', '证券转银行为什么转不了？', '外币证券转银行限额', '信用账户资金无法转出的原因', '当日卖出股票后可以转出资金吗？']",0.988393366,证券转银行为什么转不了？,0,1
股票今天卖了，钱什么可以用,股票可以当天买入当天卖出吗？,"['股票可以当天买入当天卖出吗？', '如何才可以买股票？', '当日卖出股票后可以转出资金吗？', '退市股票可以交易吗？', '如何交易股票？']",0.949973822,股票可以当天买入当天卖出吗？,1,1
什么时候可以开始交易,如何开户？,"['如何开户？', 'A股自助开户时转账失败，如何处理？', '信用账户开立后何时生效？', '退市股票可以交易吗？', '深交所对竞价交易临时停牌有何规定？']",0.798412859,股票的交易时间？,0,0
我钱为啥转不出来,为何账户有资金无法转出？,"['为何账户有资金无法转出？', '信用账户资金无法转出的原因', '当日卖出股票后可以转出资金吗？', 'A股自助开户时转账失败，如何处理？', 'A股账户如何转户？']",0.993288696,为何账户有资金无法转出？,1,1
今天买的股票是不是过一天后才能卖？,股票可以当天买入当天卖出吗？,"['股票可以当天买入当天卖出吗？', '如何才可以买股票？', 'ST股票为何无法买入？', '信用账户可以购买ST股票吗？', '当日卖出股票后可以转出资金吗？']",0.977511168,股票可以当天买入当天卖出吗？,1,1
开通创业板需要怎么做,创业板如何开通,"['创业板如何开通', '开通创业板权限对账户有什么要求？', '创业板权限首次开通？', '创业板权限开通的办理时间', '信用账户与普通账户的创业板权限需单独开立吗？']",0.992349803,创业板如何开通,1,1
如果我中签新股了！现金增利里面有足额的资金，系统会自动划扣吗？,新股中签扣款时对现金增利有什么影响？,"['新股中签扣款时对现金增利有什么影响？', '新股中签如何缴款？', '信用账户新股中签缴款占用了自有资金会影响维持担保比例吗？', '新股中签扣款时对金快线有什么影响？', '如何修改接收新股中签提醒短信的手机号码？']",0.999178112,新股中签扣款时对现金增利有什么影响？,1,1
登录失败原因,信用账户资金无法转出的原因,"['信用账户资金无法转出的原因', '同一个账号允许在不同的手机上同时登录吗？', '深圳证券交易所证券代码编制原则是什么？', '转账失败的原因？', '信用账户对应银行的券商代码？']",0.224138424,转账失败的原因？,0,1
我要怎么开通创业板,创业板如何开通,"['创业板如何开通', '开通创业板权限对账户有什么要求？', '创业板权限首次开通？', '创业板权限开通的办理时间', '信用账户与普通账户的创业板权限需单独开立吗？']",0.993005693,创业板如何开通,1,1
我想开通创业板，可以吗,创业板如何开通,"['创业板如何开通', '开通创业板权限对账户有什么要求？', '创业板权限首次开通？', '信用账户与普通账户的创业板权限需单独开立吗？', '创业板权限开通的办理时间']",0.986854076,创业板如何开通,1,1
咋开户,如何开户？,"['如何开户？', '信用账户开通条件', '如何注销证券账户？', '如何注销信用账户？', '信用账户开立后何时生效？']",0.992464066,如何开户？,1,1
请问，泸港通和深港通它俩有何区别？,A股和港股的显示颜色有什么区别？,"['A股和港股的显示颜色有什么区别？', '深港通标的股票范围？', '深港通和沪港通的交易日区别？', '深市港股通有哪些特别风险？', '深港通跟沪港通的额度能共用吗？']",0.999487758,深港通和沪港通的交易日区别？,0,1
证券转银行失败,证券转银行为什么转不了？,"['证券转银行为什么转不了？', '外币证券转银行限额', '银证转账的时间？', '信用账户资金无法转出的原因', '转账失败的原因？']",0.999362886,证券转银行为什么转不了？,1,1
现在开开立信用账户有什么要求吗？,如何注销信用账户？,"['如何注销信用账户？', '信用账户可以买入现金类产品吗？', 'A股账户销户有哪些注意事项？', '如何注销证券账户？', '信用证券账户卡遗失应如何处理？']",0.996577799,信用账户开通条件,0,0
信用账户有买ST股票的权限吗,信用账户可以购买ST股票吗？,"['信用账户可以购买ST股票吗？', 'ST股票为何无法买入？', '上海ST、*ST股的交易规则？', 'A股为什么要实行T+1股票交易制度？', 'B股实行T+0回转交易吗？']",0.998991072,信用账户可以购买ST股票吗？,1,1
你好！我这账户为什么一直打不开？,如何开户？,"['如何开户？', '如何注销证券账户？', '如何注销信用账户？', 'A股账户销户有哪些注意事项？', '信用账户可以购买非标的证券吗？']",0.977557898,如何开户？,1,1
开户套餐是什么意思？,如何开户？,"['如何开户？', '如何注销证券账户？', '如何注销信用账户？', 'A股账户销户有哪些注意事项？', '信用账户开立后何时生效？']",0.992968619,如何开户？,1,1
我的帐号忘了怎么办？,手机账号忘记了怎么办,"['手机账号忘记了怎么办', '手机账户密码忘记了怎么办', '同一个账号允许在不同的手机上同时登录吗？', '客户编号忘记了如何找回？', 'A股账户销户需由本人亲自办理吗？']",0.997667849,手机账号忘记了怎么办,1,1
银行转帐时间,银证转账的时间？,"['银证转账的时间？', '外币证券转银行限额', '证券转银行为什么转不了？', 'A股自助开户时转账失败，如何处理？', '信用账户资金无法转出的原因']",0.998069584,银证转账的时间？,1,1
资金转入失败,信用账户资金无法转出的原因,"['信用账户资金无法转出的原因', '转账失败的原因？', '证券转银行为什么转不了？', '为何账户有资金无法转出？', '银证转账的时间？']",0.997018218,为何账户有资金无法转出？,0,1
现金为什么不可取，,为什么资金可用不可取？,"['为什么资金可用不可取？', '信用账户可以买入现金类产品吗？', '申购基金时发行总数显示为0的原因', '信用账户的担保品买卖佣金费率与普通账户一致吗？', '如何修改金融终端K线图的副图指标参数？']",0.77362591,为什么资金可用不可取？,1,1
为什么我不能买ST的股票？是要签什么协议？,ST股票为何无法买入？,"['ST股票为何无法买入？', '上海ST、*ST股的交易规则？', '信用账户可以购买ST股票吗？', 'A股为什么要实行T+1股票交易制度？', 'B股实行T+0回转交易吗？']",0.999500751,ST股票为何无法买入？,1,1
我的账户，转银行转不了,证券转银行为什么转不了？,"['证券转银行为什么转不了？', '信用账户资金无法转出的原因', '外币证券转银行限额', '转账失败的原因？', '为何账户有资金无法转出？']",0.998474538,证券转银行为什么转不了？,1,1
银行转证券转入失败,证券转银行为什么转不了？,"['证券转银行为什么转不了？', '外币证券转银行限额', '银证转账的时间？', '信用账户资金无法转出的原因', '为何账户有资金无法转出？']",0.999371946,证券转银行为什么转不了？,1,1
深市港股通的股票范围是怎样的？,深市港股通有哪些特别风险？,"['深市港股通有哪些特别风险？', '深市港股通权限如何取消？', '深港通标的股票范围？', '深港通股票为A+H股的，A股停牌与H股停牌是否同步？', 'A股和港股通退市制度的区别']",0.999574721,深港通标的股票范围？,0,1
我想了解一下信用账户配售的具体流程是怎样的,信用账户如何操作配售？,"['信用账户如何操作配售？', '信用账户如何操作配股？', '申购新股后为何查询不到配号？', '如何通过电话委托查询新股申购配号？', '如何注销信用账户？']",0.998822391,信用账户如何操作配售？,1,1
登录要编号，是什么编号,客户编号忘记了如何找回？,"['客户编号忘记了如何找回？', '同一个账号允许在不同的手机上同时登录吗？', '手机账号忘记了怎么办', '手机账户密码忘记了怎么办', '信用账户如何操作配股？']",0.996194959,如何开户？,0,0
登录密码忘记了怎么办,手机账户密码忘记了怎么办,"['手机账户密码忘记了怎么办', '忘记资金密码怎么办？', '如何修改账户资金密码？', '忘记交易密码怎么办？', '如何重置信用账户密码？']",0.999883771,手机账户密码忘记了怎么办,1,1
你好，为什么我登录不上我的账号,如何开户？,"['如何开户？', '同一个账号允许在不同的手机上同时登录吗？', '如何注销证券账户？', '手机账号忘记了怎么办', '如何查询证券账号？']",0.854522049,如何开户？,1,1
忘记登录帐号怎么办?,手机账号忘记了怎么办,"['手机账号忘记了怎么办', '手机账户密码忘记了怎么办', '客户编号忘记了如何找回？', '同一个账号允许在不同的手机上同时登录吗？', 'A股账户销户需由本人亲自办理吗？']",0.99751687,手机账号忘记了怎么办,1,1
如何重置交易密码？,如何修改交易密码,"['如何修改交易密码', '忘记交易密码怎么办？', '如何修改账户交易密码？', '深圳证券交易所证券代码编制原则是什么？', '忘记资金密码怎么办？']",0.999853492,如何修改账户交易密码？,0,1
三方存管的银行信用账户都有什么？,信用账户三方存管的银行有哪些？,"['信用账户三方存管的银行有哪些？', '如何注销三方存管账户？', '如何更换同一银行的三方存管银行卡？', '自助开户后如何补办三方存管？', '新三板的投资者有哪些？']",0.9994331,信用账户三方存管的银行有哪些？,1,1
证券转银行～怎么转不了,证券转银行为什么转不了？,"['证券转银行为什么转不了？', '外币证券转银行限额', '银证转账的时间？', '信用账户资金无法转出的原因', '为何账户有资金无法转出？']",0.999427199,证券转银行为什么转不了？,1,1
我的账户号忘了,手机账号忘记了怎么办,"['手机账号忘记了怎么办', '同一个账号允许在不同的手机上同时登录吗？', '如何注销证券账户？', '信用证券账户卡遗失应如何处理？', '手机账户密码忘记了怎么办']",0.987064838,手机账号忘记了怎么办,1,1
上海ST、*ST的交易规则是什么,上海ST、*ST股的交易规则？,"['上海ST、*ST股的交易规则？', 'ST股票为何无法买入？', '信用账户可以购买ST股票吗？', 'A股为什么要实行T+1股票交易制度？', 'B股实行T+0回转交易吗？']",0.99969101,上海ST、*ST股的交易规则？,1,1
不能改？怎么可能？原来的银行卡不用了，还不能改？,如何绑定多张银行卡？,"['如何绑定多张银行卡？', '如何更换银行卡？', '信用账户对应银行的券商代码？', '信用证券账户卡遗失应如何处理？', '如何更换同一银行的三方存管银行卡？']",0.995835423,如何更换银行卡？,0,1
怎么证券转不到银行,证券转银行为什么转不了？,"['证券转银行为什么转不了？', '外币证券转银行限额', '银证转账的时间？', '信用账户资金无法转出的原因', '为何账户有资金无法转出？']",0.999395251,证券转银行为什么转不了？,1,1
为什么我不能转钱到银行？,证券转银行为什么转不了？,"['证券转银行为什么转不了？', '外币证券转银行限额', '银证转账的时间？', '信用账户资金无法转出的原因', '当日卖出股票后可以转出资金吗？']",0.996567845,证券转银行为什么转不了？,1,1
如何修改交易密码？,如何修改交易密码,"['如何修改交易密码', '如何修改账户交易密码？', '忘记交易密码怎么办？', '深圳证券交易所证券代码编制原则是什么？', '如何修改账户资金密码？']",0.999897122,如何修改交易密码,1,1
新股中签扣款时对金快线的影响有哪些,新股中签扣款时对金快线有什么影响？,"['新股中签扣款时对金快线有什么影响？', '新股中签扣款时对现金增利有什么影响？', '新股中签如何缴款？', '如何修改接收新股中签提醒短信的手机号码？', '新股中签后股份何时上市？']",0.999647379,新股中签扣款时对金快线有什么影响？,1,1
注销信用账户的方式什么？,B股的委托申报方式？,"['B股的委托申报方式？', '新三板转让方式有哪些？', '如何注销三方存管账户？', '如何注销信用账户？', '自助开户后如何补办三方存管？']",0.998653412,如何注销信用账户？,0,1
你好，现在银行向证券转账不能了吗,外币证券转银行限额,"['外币证券转银行限额', '证券转银行为什么转不了？', '信用账户资金无法转出的原因', '转账失败的原因？', '为何账户有资金无法转出？']",0.999148607,银证转账的时间？,0,0
新股申购的回拨机制包括什么？,新股申购的回拨机制？,"['新股申购的回拨机制？', '网下打新申报数量有什么规定？', '网下打新申报价格有什么规定？', '网下申购新股所得的股份有锁定期吗？', '申购新股后为何查询不到配号？']",0.999457896,新股申购的回拨机制？,1,1
交易是怎样收费的,如何收取股票交易佣金？,"['如何收取股票交易佣金？', '多少资金能达到多少的佣金？', '信用账户的担保品买卖佣金费率与普通账户一致吗？', '上交所债券的费用有哪些？', '股票交易费用']",0.992423415,股票交易费用,0,1
如何变更资金账户？,为何账户有资金无法转出？,"['为何账户有资金无法转出？', '信用证券账户卡遗失应如何处理？', '信用账户持有的股票如何行使投票权？', '如何注销证券账户？', 'A股账户如何转户？']",0.989693582,如何修改账户资金密码？,0,0
我怎么能开通创业板,创业板如何开通,"['创业板如何开通', '开通创业板权限对账户有什么要求？', '创业板权限首次开通？', '信用账户与普通账户的创业板权限需单独开立吗？', '创业板权限开通的办理时间']",0.985951662,创业板如何开通,1,1
你好，我想问下怎么把银行第三方存管取消掉,如何更换同一银行的三方存管银行卡？,"['如何更换同一银行的三方存管银行卡？', '信用账户三方存管的银行有哪些？', '如何注销三方存管账户？', '自助开户后如何补办三方存管？', '新三板的投资者有哪些？']",0.998397291,如何注销三方存管账户？,0,1
我忘记了我的登陆账号,如何开户？,"['如何开户？', '同一个账号允许在不同的手机上同时登录吗？', '手机账号忘记了怎么办', '手机账户密码忘记了怎么办', '信用账户对应银行的券商代码？']",0.343505889,手机账号忘记了怎么办,0,1
通过电话委托查询新股申购配号的流程是什么？,如何通过电话委托查询新股申购配号？,"['如何通过电话委托查询新股申购配号？', '申购新股后为何查询不到配号？', '新股申购的配号规则？', '深圳市场的新股配号为何有小数点？', '新股中签会有短信通知吗？']",0.999726236,如何通过电话委托查询新股申购配号？,1,1
我的A股使用手机APP开户后却无法进行银行转账，该怎么办？,同一个账号允许在不同的手机上同时登录吗？,"['同一个账号允许在不同的手机上同时登录吗？', '手机账号忘记了怎么办', '如何开户？', '信用账户对应银行的券商代码？', '信用账户持有的股票如何行使投票权？']",0.998019338,A股自助开户时转账失败，如何处理？,0,0
ST股票怎么没法买呢？,ST股票为何无法买入？,"['ST股票为何无法买入？', '上海ST、*ST股的交易规则？', '信用账户可以购买ST股票吗？', 'A股为什么要实行T+1股票交易制度？', 'B股实行T+0回转交易吗？']",0.999250829,ST股票为何无法买入？,1,1
新三板的投资者都包括哪些？,新三板的投资者有哪些？,"['新三板的投资者有哪些？', '新三板可以做融资融券交易吗？', '新三板协议转让有哪些成交情况？', '新三板股票协议转让的申报类型？', '新三板与地方产权交易市场的区别？']",0.99905628,新三板的投资者有哪些？,1,1
你好，怎么开通创业板,创业板如何开通,"['创业板如何开通', '开通创业板权限对账户有什么要求？', '创业板权限首次开通？', '信用账户与普通账户的创业板权限需单独开立吗？', '创业板权限开通的办理时间']",0.99171114,创业板如何开通,1,1
什么是开户套餐,如何开户？,"['如何开户？', '如何注销证券账户？', '如何注销信用账户？', 'A股账户销户有哪些注意事项？', '信用账户开立后何时生效？']",0.994042337,如何开户？,1,1
你好，麻烦帮我查一下股票编号,客户编号忘记了如何找回？,"['客户编号忘记了如何找回？', '同一个账号允许在不同的手机上同时登录吗？', '申购新股后为何查询不到配号？', '信用账户如何操作配股？', '手机账号忘记了怎么办']",0.991122365,如何查询证券账号？,0,0
网下打新申报数量时有什么限制吗,网下打新申报数量有什么规定？,"['网下打新申报数量有什么规定？', '新股申购数量上限', '网下打新申报价格有什么规定？', '新股申购有数量要求吗？', '深圳市场的新股配号为何有小数点？']",0.999440849,网下打新申报数量有什么规定？,1,1
可以查到目前我个人的佣金费率吗？,如何查询佣金费率？,"['如何查询佣金费率？', '多少资金能达到多少的佣金？', '网上开户佣金是多少？', '如何调整佣金费率？', '如何收取股票交易佣金？']",0.999659181,如何查询佣金费率？,1,1
如何开通账户,如何开户？,"['如何开户？', '如何注销信用账户？', '如何注销证券账户？', '信用证券账户卡遗失应如何处理？', '信用账户持有的股票如何行使投票权？']",0.996084571,如何开户？,1,1
为什么证券不能转账到银行,证券转银行为什么转不了？,"['证券转银行为什么转不了？', '外币证券转银行限额', '信用账户资金无法转出的原因', '为何账户有资金无法转出？', '转账失败的原因？']",0.998725712,证券转银行为什么转不了？,1,1
您好佣金是多少,多少资金能达到多少的佣金？,"['多少资金能达到多少的佣金？', '信用账户的担保品买卖佣金费率与普通账户一致吗？', '如何调整佣金费率？', '网上开户佣金是多少？', '如何查询佣金费率？']",0.999540925,多少资金能达到多少的佣金？,1,1
怎么要多少什么费用的,多少资金能达到多少的佣金？,"['多少资金能达到多少的佣金？', '信用账户的担保品买卖佣金费率与普通账户一致吗？', '如何收取股票交易佣金？', '如何调整佣金费率？', '如何查询佣金费率？']",0.991027296,多少资金能达到多少的佣金？,1,1
怎么开通通创业板,创业板如何开通,"['创业板如何开通', '开通创业板权限对账户有什么要求？', '创业板权限首次开通？', '信用账户与普通账户的创业板权限需单独开立吗？', '创业板权限开通的办理时间']",0.992407382,创业板如何开通,1,1
为什么钱转不出来？,为何账户有资金无法转出？,"['为何账户有资金无法转出？', '信用账户资金无法转出的原因', 'A股自助开户时转账失败，如何处理？', 'A股账户如何转户？', '当日卖出股票后可以转出资金吗？']",0.993991911,为何账户有资金无法转出？,1,1
买卖股票交易时间,股票的交易时间？,"['股票的交易时间？', '如何交易股票？', '上海ST、*ST股的交易规则？', '申报深市股票委托时，提示：证券账户无效，该如何处理？', '当日卖出股票后可以转出资金吗？']",0.934529006,股票的交易时间？,1,1
新三板与地方产权交易市场的区别在哪？,新三板与地方产权交易市场的区别？,"['新三板与地方产权交易市场的区别？', '三板交易权限如何取消？', '新三板权限开通流程？', '新三板可以做融资融券交易吗？', '新三板做市转让的申报规则？']",0.999551833,新三板与地方产权交易市场的区别？,1,1
请问我的钱怎么转不出来呢？,为何账户有资金无法转出？,"['为何账户有资金无法转出？', '信用账户资金无法转出的原因', 'A股自助开户时转账失败，如何处理？', 'A股账户如何转户？', '当日卖出股票后可以转出资金吗？']",0.996518373,为何账户有资金无法转出？,1,1
银行转证券，转不了,证券转银行为什么转不了？,"['证券转银行为什么转不了？', '外币证券转银行限额', '银证转账的时间？', '信用账户资金无法转出的原因', '为何账户有资金无法转出？']",0.999388814,证券转银行为什么转不了？,1,1
我刚才申购了新股，持有的股票今天还能进行交易吗？不会被冻结了吧。惨了。,新股申购有数量要求吗？,"['新股申购有数量要求吗？', '网下打新申报数量有什么规定？', '新股上市首日有涨跌幅限制吗？', '网下打新申报价格有什么规定？', '新股申购可以撤单吗？']",0.998951316,新股申购时会冻结资金吗？,0,0
申购新股要有什么条件才可以,新股申购的条件？,"['新股申购的条件？', '新股申购有数量要求吗？', '网下打新申报数量有什么规定？', '网下打新申报价格有什么规定？', '网下打新的备案条件？']",0.999180734,新股申购的条件？,1,1
怎么转不进去钱,为何账户有资金无法转出？,"['为何账户有资金无法转出？', '信用账户资金无法转出的原因', '证券转银行为什么转不了？', '当日卖出股票后可以转出资金吗？', 'A股自助开户时转账失败，如何处理？']",0.991096258,为何账户有资金无法转出？,1,1
新三板股票的编码条件是什么？,新三板股票的编码规则？,"['新三板股票的编码规则？', '新股的申购代码与证券代码一样吗？', '深市A股的增发代码是什么？', '深圳证券交易所证券代码编制原则是什么？', '信用账户对应银行的券商代码？']",0.99933511,新三板股票的编码规则？,1,1
深市港股通的风险有哪些呢？,深市港股通有哪些特别风险？,"['深市港股通有哪些特别风险？', 'A股和港股的显示颜色有什么区别？', '深市港股通开通条件', '深港通股票为A+H股的，A股停牌与H股停牌是否同步？', 'A股和港股通退市制度的区别']",0.99966836,深市港股通有哪些特别风险？,1,1
你好，我忘记了我的账户怎么办,手机账号忘记了怎么办,"['手机账号忘记了怎么办', 'A股账户销户需由本人亲自办理吗？', '手机账户密码忘记了怎么办', '信用证券账户卡遗失应如何处理？', '如何注销证券账户？']",0.99769634,手机账号忘记了怎么办,1,1
我想咨询下，怎么开通创业板,创业板如何开通,"['创业板如何开通', '开通创业板权限对账户有什么要求？', '创业板权限首次开通？', '信用账户与普通账户的创业板权限需单独开立吗？', '创业板权限开通的办理时间']",0.992589474,创业板如何开通,1,1
资金交易密码忘记,忘记交易密码怎么办？,"['忘记交易密码怎么办？', '如何修改交易密码', '如何修改账户交易密码？', '深圳证券交易所证券代码编制原则是什么？', '忘记资金密码怎么办？']",0.99976927,忘记交易密码怎么办？,1,1
今天股票里的钱转到银行转不出来的？,当日卖出股票后可以转出资金吗？,"['当日卖出股票后可以转出资金吗？', '为何账户有资金无法转出？', '外币证券转银行限额', '证券转银行为什么转不了？', '银证转账的时间？']",0.998178124,当日卖出股票后可以转出资金吗？,1,1
申购新股的条件是什么来着,新股申购的条件？,"['新股申购的条件？', '网下打新申报数量有什么规定？', '网下打新申报价格有什么规定？', '新股申购有数量要求吗？', '申购新股后为何查询不到配号？']",0.998087704,新股申购的条件？,1,1
银行转账时间,银证转账的时间？,"['银证转账的时间？', '信用账户资金无法转出的原因', '转账失败的原因？', '外币证券转银行限额', 'A股自助开户时转账失败，如何处理？']",0.998231947,银证转账的时间？,1,1
交易密码忘记了怎么办,忘记交易密码怎么办？,"['忘记交易密码怎么办？', '如何修改交易密码', '如何修改账户交易密码？', '忘记资金密码怎么办？', '深圳证券交易所证券代码编制原则是什么？']",0.999945998,忘记交易密码怎么办？,1,1
提示资金无法转出,为何账户有资金无法转出？,"['为何账户有资金无法转出？', '信用账户资金无法转出的原因', '证券转银行为什么转不了？', '转账失败的原因？', '当日卖出股票后可以转出资金吗？']",0.994173706,为何账户有资金无法转出？,1,1
怎么钱转不出来？,为何账户有资金无法转出？,"['为何账户有资金无法转出？', '信用账户资金无法转出的原因', 'A股自助开户时转账失败，如何处理？', 'A股账户如何转户？', '上交所可转债债转股能撤单吗？']",0.993356764,为何账户有资金无法转出？,1,1
我是是说股票交易怎么收佣金的,如何交易股票？,"['如何交易股票？', '上海B股需要指定交易吗？', '股票的交易时间？', '如何才可以买股票？', '股票可以当天买入当天卖出吗？']",0.933897138,股票交易费用,0,0
干嘛我帐户有资金就是转不出,为何账户有资金无法转出？,"['为何账户有资金无法转出？', '信用账户资金无法转出的原因', 'A股账户如何转户？', 'A股自助开户时转账失败，如何处理？', '证券转银行为什么转不了？']",0.999147892,为何账户有资金无法转出？,1,1
销户可以让人代办吗？,自助开户后如何补办三方存管？,"['自助开户后如何补办三方存管？', 'A股账户销户需由本人亲自办理吗？', '信用账户可以交易哪些股票？', '信用账户可以参与逆回购吗？', '信用账户可以购买ST股票吗？']",0.989282012,A股账户销户需由本人亲自办理吗？,0,1
我当天申购的新股当天可以办理转户吗？,新股申购有数量要求吗？,"['新股申购有数量要求吗？', '网下打新申报数量有什么规定？', '新股申购可以撤单吗？', '新股申购数量上限', '新股申购时会冻结资金吗？']",0.997708559,申购新股当天可以办理转户吗？,0,0
忘记了客户编号怎么找,客户编号忘记了如何找回？,"['客户编号忘记了如何找回？', '手机账号忘记了怎么办', '同一个账号允许在不同的手机上同时登录吗？', '手机账户密码忘记了怎么办', '深圳证券交易所证券代码编制原则是什么？']",0.9972018,客户编号忘记了如何找回？,1,1
帐号忘记,手机账号忘记了怎么办,"['手机账号忘记了怎么办', '客户编号忘记了如何找回？', '同一个账号允许在不同的手机上同时登录吗？', '手机账户密码忘记了怎么办', '信用账户对应银行的券商代码？']",0.986091316,手机账号忘记了怎么办,1,1
交易密码忘记了，怎么办？,忘记交易密码怎么办？,"['忘记交易密码怎么办？', '如何修改交易密码', '如何修改账户交易密码？', '忘记资金密码怎么办？', '深圳证券交易所证券代码编制原则是什么？']",0.999945998,忘记交易密码怎么办？,1,1
我的账号开通了创业板吗,创业板如何开通,"['创业板如何开通', '开通创业板权限对账户有什么要求？', '信用账户与普通账户的创业板权限需单独开立吗？', '创业板权限首次开通？', '创业板权限开通的办理时间']",0.986954153,创业板如何开通,1,1
转账说银行非工作时间不能转吗,银证转账的时间？,"['银证转账的时间？', '外币证券转银行限额', 'A股自助开户时转账失败，如何处理？', '转账失败的原因？', '信用账户资金无法转出的原因']",0.998419523,银证转账的时间？,1,1
怎么知道打新中签，是否有短信通知,新股中签如何缴款？,"['新股中签如何缴款？', '新股中签会有短信通知吗？', '信用账户新股中签缴款占用了自有资金会影响维持担保比例吗？', '新股中签扣款时对金快线有什么影响？', '新股中签扣款时对现金增利有什么影响？']",0.999225616,新股中签会有短信通知吗？,0,1
我的可用资金多少,为什么资金可用不可取？,"['为什么资金可用不可取？', '信用账户资金无法转出的原因', '为何账户有资金无法转出？', '如何调整融资融券授信额度？', '信用账户可以买入现金类产品吗？']",0.775726378,多少资金能达到多少的佣金？,0,0
钱怎么转不出来,为何账户有资金无法转出？,"['为何账户有资金无法转出？', '信用账户资金无法转出的原因', 'A股自助开户时转账失败，如何处理？', 'A股账户如何转户？', '上交所可转债债转股能撤单吗？']",0.99335587,为何账户有资金无法转出？,1,1
我怎么资金转不出来呢,为何账户有资金无法转出？,"['为何账户有资金无法转出？', '信用账户资金无法转出的原因', '证券转银行为什么转不了？', 'A股自助开户时转账失败，如何处理？', '转账失败的原因？']",0.99367249,为何账户有资金无法转出？,1,1
那个A股开户费怎么收？,A股开户是否收费？,"['A股开户是否收费？', '网上开户佣金是多少？', '信用账户的担保品买卖佣金费率与普通账户一致吗？', '如何收取股票交易佣金？', '股票交易费用']",0.996681869,A股开户是否收费？,1,1
为什么登录不上账户,如何开户？,"['如何开户？', '同一个账号允许在不同的手机上同时登录吗？', '如何注销证券账户？', '如何注销信用账户？', 'A股账户销户有哪些注意事项？']",0.958433449,如何开户？,1,1
有新股额度就可以申购新股吗，还有其他条件吗,新股申购的条件？,"['新股申购的条件？', '新股申购有数量要求吗？', '网下打新申报数量有什么规定？', '信用账户如何查询新股申购额度？', '新股上市首日有涨跌幅限制吗？']",0.996431947,新股申购的条件？,1,1
我中签了一支新股三孚申购代码732938请问它什么时间上市？,新股中签后股份何时上市？,"['新股中签后股份何时上市？', '新股中签如何缴款？', '信用账户新股中签缴款占用了自有资金会影响维持担保比例吗？', '新股中签扣款时对现金增利有什么影响？', '新股中签扣款时对金快线有什么影响？']",0.988814533,新股中签后股份何时上市？,1,1
